type,name
techset,d#hash_13b5e1db9658f56c
image,#killcamindicator
image,d#t7_hud_mp_notifications_xp_blue
streamkey,#wz_common_en_stream
streamkey,#wz_common_en_loaded
streamkey,#hash_36deab638ae5c229
streamkey,#hash_3bf856ec758b9074
sound,#wz_common.en
localizeentry,d#hash_127999393f1681
localizeentry,d#hash_1489abc44c6551
localizeentry,d#hash_17ca4cd9bf4005
localizeentry,d#hash_1add4c3535dc47
localizeentry,#menu/charm_toilet_gold
localizeentry,d#hash_2689f7ef9b424b
localizeentry,#hash_3c407ddb8bedff
localizeentry,d#hash_4c2d0bb2c491e8
localizeentry,d#hash_4c2e0bb2c4939b
localizeentry,d#hash_4c2f0bb2c4954e
localizeentry,d#hash_53df828d50d326
localizeentry,d#mpui/stalker
localizeentry,#hash_6f6a7ddbb78ef6
localizeentry,#hash_7d2e25bd6067a8
localizeentry,#hash_7d3125bd606cc1
localizeentry,d#hash_8b1fc81e30f868
localizeentry,d#hash_95c5021b448b56
localizeentry,d#mpui/extclip_desc
localizeentry,d#mpui/fmj_desc
localizeentry,d#hash_a43b10d9da121a
localizeentry,d#hash_ac5d2184226160
localizeentry,d#weapon/ray_gun_desc
localizeentry,d#hash_ba7b3f5adf6a69
localizeentry,#hash_dedbd93286f117
localizeentry,#platform/use_turret
localizeentry,#wz/x
localizeentry,#hash_ec3f7fa67575be
localizeentry,#hash_ef3f10f4e17596
localizeentry,d#weapon/lmg_standard_t8_wz_desc
localizeentry,#menu/charm_plant_melon
localizeentry,#hash_10c61997a0f3235
localizeentry,d#hash_111ec45ab3b0626
localizeentry,d#hash_1204269480d99a2
localizeentry,d#hash_143e1bd3e77e980
localizeentry,d#hash_143e3bd3e77ece6
localizeentry,d#hash_143e4bd3e77ee99
localizeentry,d#mpui/supply_desc
localizeentry,d#hash_14cf4b692c11927
localizeentry,#mp/waiting_for_teams
localizeentry,#hash_1588d0473077ede
localizeentry,#hash_15b174e15dcd83f
localizeentry,#hash_16558d4b769300f
localizeentry,#menu/charm_basketball_hoop
localizeentry,#hash_18ddc34173ee890
localizeentry,d#hash_19e7605718f65a2
localizeentry,d#hash_1a7890e1dbc5dd2
localizeentry,#hash_1aa567b647b8e14
localizeentry,#hash_1c454b7b06a0549
localizeentry,d#hash_1ca5e5e32ba7587
localizeentry,d#mpui/dualoptic
localizeentry,d#hash_21a648849117dd6
localizeentry,d#hash_21f487a9536ed21
localizeentry,#hash_2323687d4a52a88
localizeentry,#hash_239605d85d5b9fe
localizeentry,d#warzone/swap
localizeentry,#hash_2660f4d87bfce63
localizeentry,d#hash_280a34c857099f3
localizeentry,d#hash_280a44c85709ba6
localizeentry,#hash_28a0321a7a231a5
localizeentry,#menu/charm_flat_earth
localizeentry,d#weapon/sniper_quickscope_t8_operator_desc
localizeentry,d#null/empty
localizeentry,#hash_2e90397ec44e953
localizeentry,d#mpui/fastreload2_desc
localizeentry,#hash_2f4302124c18b6f
localizeentry,#hash_2f656344653b5bf
localizeentry,d#hash_2fa47140d97f89d
localizeentry,d#hash_305e03714ee77fc
localizeentry,d#zmui/fmj_desc
localizeentry,#hash_338462a1024ff2b
localizeentry,d#hash_34fb3c17a5e664c
localizeentry,#hash_350770388cdaa1e
localizeentry,#hash_352b541f6291752
localizeentry,#hash_389dabb4ba6acf3
localizeentry,d#hash_38a2cf22c48d6c3
localizeentry,#hash_38d2a6b60fd6018
localizeentry,#hash_38ed6914a2bc298
localizeentry,d#hash_39685d9366015db
localizeentry,#hash_397c7860ef08aa3
localizeentry,#hash_3af4b902ba33dbe
localizeentry,#hash_3b271902ba5b427
localizeentry,d#hash_40c47b72c083914
localizeentry,d#hash_41274fb72d5a17e
localizeentry,d#hash_41b79b5df4d54cd
localizeentry,d#hash_41ea19271fba80c
localizeentry,d#hash_41ea49271fbad25
localizeentry,#menu/charm_basketball_william
localizeentry,#hash_4323579690cf719
localizeentry,d#hash_43b319457bc818e
localizeentry,#mp/rampage
localizeentry,d#hash_4574c3ce7d0e7da
localizeentry,#wz/you
localizeentry,#wz/attach_fastmag_desc
localizeentry,#hash_46fc5dc1191b406
localizeentry,d#hash_47358a093f0b89a
localizeentry,d#mpui/camo_flectarn
localizeentry,d#hash_47f8021b2a550dd
localizeentry,d#wz/attach_extbarrel
localizeentry,#hash_4854a42dc4507bf
localizeentry,d#hash_48fe93edc5208d8
localizeentry,d#hash_494d4b5b743c649
localizeentry,d#hash_4b00616e550bdbd
localizeentry,#hash_4d30d1e5cbaf916
localizeentry,#hash_4d555c7d0e21ad2
localizeentry,d#mpui/extclip2
localizeentry,#hash_50def9f2fa676ae
localizeentry,d#hash_520d80a00cdf9d0
localizeentry,#hash_52f20b5836b29e3
localizeentry,d#hash_53cf1c7b3ceb461
localizeentry,d#hash_545ed0bb623a084
localizeentry,#hash_55eb1b65c9e8e54
localizeentry,d#hash_56e6f15ba89eeed
localizeentry,d#hash_5a3c5d8c1772010
localizeentry,#hash_5b30c9471aaf95d
localizeentry,#hash_5b8a625b47d0eba
localizeentry,d#hash_5be026b2781b8c9
localizeentry,#hash_5c01c1233f89064
localizeentry,d#hash_5c2610faa4546cb
localizeentry,d#hash_5d7eb1442a4f213
localizeentry,d#hash_5e312b25aa39a3a
localizeentry,d#hash_5e5c96032f68efb
localizeentry,d#hash_5e5cc6032f69414
localizeentry,#hash_62964d05398f61a
localizeentry,d#hash_6368eb0a070207a
localizeentry,#hash_66dc68e47cc7d3d
localizeentry,d#hash_687bca25fdf9f2b
localizeentry,d#weapon/lmg_spray_t8
localizeentry,#hash_6964fd52b775f23
localizeentry,#hash_69b24b4f4628c7c
localizeentry,d#hash_69ea629874ffc11
localizeentry,#hash_6a6dc00bc727bf4
localizeentry,d#hash_6a9c5353f6e0729
localizeentry,d#hash_6b5739cdaa9dbfa
localizeentry,#hash_6d07c2db72a2619
localizeentry,d#weapon/tr_flechette_t8
localizeentry,d#hash_6f6b0be8267f9dd
localizeentry,d#hash_6f6b5ff27fa0676
localizeentry,d#mpui/quickdraw2_desc
localizeentry,d#hash_714b31066bac563
localizeentry,d#hash_7163f6214a962c7
localizeentry,d#hash_7179c152ecf1e39
localizeentry,#hash_718caffca49e94d
localizeentry,d#mpui/stalker2_desc
localizeentry,d#heroes/shadowman
localizeentry,#hash_73f876131fb1d9d
localizeentry,d#hash_745760b2477b637
localizeentry,#hash_74d7427bd9fb2f2
localizeentry,#hash_7603b43454c5db0
localizeentry,d#hash_76f7af1c550c84c
localizeentry,d#hash_7b5ce43aeb4f05c
localizeentry,d#hash_7bc74e449c7471d
localizeentry,d#hash_7bdd52520b75763
localizeentry,#mp/friendly_fire_will_not
localizeentry,#hash_7f62ea29f8e821b
localizeentry,d#weapon/uber_wildfire
localizeentry,#hash_809faea44b6c591
localizeentry,#hash_80e08a29fa2d36a
localizeentry,#hash_81367119583bebc
localizeentry,d#weapon/shotgun_pump_t8
localizeentry,d#weapon/smg_accurate_t8
localizeentry,#menu/charm_pocketwatch
localizeentry,d#hash_840e885e0995fd4
localizeentry,#hash_8448f38521d9114
localizeentry,d#mpui/extclip
localizeentry,d#hash_85a97c454be9904
localizeentry,#hash_863693852380111
localizeentry,d#hash_870732dcf823d00
localizeentry,d#hash_88f3d374c07d9de
localizeentry,d#hash_897061e92ee5bfc
localizeentry,d#heroes/spectre
localizeentry,d#hash_8d058e51f7b0263
localizeentry,#menu/charm_plant_pineapple
localizeentry,d#hash_8f8f9b22d24a874
localizeentry,d#hash_908c895f82f318a
localizeentry,#hash_90a6f20b1d56111
localizeentry,d#hash_9113879dca04c51
localizeentry,#hash_918999ddf357263
localizeentry,d#hash_9340177dbe3be9f
localizeentry,d#hash_96084a4d9a6c554
localizeentry,d#hash_963e4c4a1430d25
localizeentry,#hash_972e7d1eb1ef77f
localizeentry,#hash_9925dc357907f67
localizeentry,#hash_9b0f35b7b023e8f
localizeentry,d#hash_9b655ea38a92998
localizeentry,d#hash_9b9be1e62972305
localizeentry,d#hash_9e22c6ce275abc3
localizeentry,d#hash_a074289074be076
localizeentry,#hash_a0ab31265e8022e
localizeentry,d#weapon/ar_stealth_t8
localizeentry,#hash_a1ba91265f66463
localizeentry,d#hash_a467158b9727c73
localizeentry,d#hash_a4f37a001911a0a
localizeentry,#hash_a4f6521abcd39b3
localizeentry,d#hash_acfd672f8aaac93
localizeentry,d#hash_acfd972f8aab1ac
localizeentry,d#hash_acfdb72f8aab512
localizeentry,d#hash_acfdc72f8aab6c5
localizeentry,#menu/charm_beer
localizeentry,d#hash_ad4d1493b660939
localizeentry,#exe/playerkicked_notspawned
localizeentry,d#hash_aefd79a626b920f
localizeentry,d#weapon/crossbow_impaler_desc
localizeentry,d#hash_b0d746502b2f4bd
localizeentry,d#hash_b1a03f2448a49d9
localizeentry,#hash_b1d188fa2714b44
localizeentry,d#hash_b266e9fe63cbf18
localizeentry,d#hash_b3209c7cc980c0b
localizeentry,#hash_b326f825ea10c28
localizeentry,#hash_b49428fa296cd8d
localizeentry,#menu/swap
localizeentry,d#hash_b586fdc418b803a
localizeentry,d#hash_b7832e76adcd1ad
localizeentry,d#hash_b828992e638b17b
localizeentry,d#mpui/fastreload2
localizeentry,d#hash_baad5a26faa0c11
localizeentry,d#hash_bb7aa7a26f39dfa
localizeentry,d#heroes/matt_shadows
localizeentry,d#heroes/replacer
localizeentry,#hash_beda22816417731
localizeentry,#hash_beec3ae0a58db6b
localizeentry,d#hash_c00e36083498f28
localizeentry,d#hash_c0c2aecab7c9830
localizeentry,#hash_c13ddae0a7823d6
localizeentry,#menu/charm_marley_twin
localizeentry,d#mpui/damage2_desc
localizeentry,d#weapon/lmg_stealth_t8_operator
localizeentry,d#hash_c45fdef89add250
localizeentry,#hash_c5a6e85a211b7ed
localizeentry,#hash_c8afb2de9cc25de
localizeentry,d#mpui/perk3
localizeentry,d#mpui/perk2
localizeentry,d#mpui/perk1
localizeentry,#hash_cc33fef563991c6
localizeentry,d#hash_d0c05cb4ffc16ba
localizeentry,d#killstreak/straferun
localizeentry,d#hash_d3cb381a2a15eb9
localizeentry,#hash_d40ca530bf6a6e9
localizeentry,d#hash_d64a7931ccb6c04
localizeentry,d#hash_d6c3a7296f336ab
localizeentry,d#hash_d8622d38b0078a8
localizeentry,#hash_d90b4ca18da31b7
localizeentry,d#hash_d928ef62f09dc34
localizeentry,#hash_db41d831b55c4a6
localizeentry,d#hash_dbdf8e01bad6ec5
localizeentry,#hash_dcfb1306ade68b5
localizeentry,#hash_de0efb7a131d734
localizeentry,#mpui/maxed_out
localizeentry,#hash_e08ea7b79681e9c
localizeentry,#hash_e092c2be5dd4778
localizeentry,#hash_e14b8d67cb9da83
localizeentry,d#hash_e1f7f30fc7a6c2e
localizeentry,d#hash_e2971bbfafcfe66
localizeentry,d#hash_e3d633dd7e8c7bd
localizeentry,d#weapon/ar_fastfire_t8
localizeentry,#hash_e5f3773b06cdfea
localizeentry,d#mpui/fastlockon_desc
localizeentry,#warzone/attach
localizeentry,d#weapon/fraggrenade
localizeentry,#hash_ebd88797aaa2574
localizeentry,#hash_ec2bd11204d4811
localizeentry,#hash_ee4d709a0f80280
localizeentry,d#hash_ee567911dd1ce83
localizeentry,#hash_f11971ac3a23342
localizeentry,d#hash_f3011ec9092dca2
localizeentry,#hash_f306d1ac3bc9c73
localizeentry,d#weapon/ar_accurate_t8
localizeentry,#hash_f8bea24436ad636
localizeentry,#hash_fbcfc36f0c79d9a
localizeentry,#demo/director_mode
localizeentry,#hash_fcedc5c8ac323f8
localizeentry,d#heroes/buffassault
localizeentry,#menu/double_merits
localizeentry,d#hash_10169ccdcca54ccf
localizeentry,#hash_102e26ae2ac1f2c5
localizeentry,#hash_10337e4d2d14bdbf
localizeentry,d#mpui/vzoom
localizeentry,d#hash_104a9e123cb916f8
localizeentry,d#hash_1050827dd869fe54
localizeentry,#menu/charm_keytar
localizeentry,d#hash_106f7073f151125a
localizeentry,d#hash_107600263bb4e51b
localizeentry,d#hash_107b061de684264d
localizeentry,#hash_109082b4202cace6
localizeentry,#hash_109088b4202cb718
localizeentry,#hash_109089b4202cb8cb
localizeentry,#hash_10908bb4202cbc31
localizeentry,#hash_10908cb4202cbde4
localizeentry,#hash_10908db4202cbf97
localizeentry,#hash_10908eb4202cc14a
localizeentry,#hash_10908fb4202cc2fd
localizeentry,d#hash_1090e180ea804ddf
localizeentry,d#hash_10a6e66831e443fa
localizeentry,#hash_10a842cf1acdac87
localizeentry,#hash_10a843cf1acdae3a
localizeentry,d#hash_10c47f16c3e57672
localizeentry,d#hash_10e74d3d7df0190c
localizeentry,#hash_10f22a2fae6154a8
localizeentry,d#hash_10feba446966a537
localizeentry,#hash_11009b2920d68a21
localizeentry,#hash_1110b2d72e1f5652
localizeentry,d#hash_111cf7b88d647093
localizeentry,d#hash_112fab6be7d9f2ea
localizeentry,d#hash_1130f26deefb81c4
localizeentry,d#hash_11329de6f6804241
localizeentry,d#hash_11416e3dffba8d50
localizeentry,#hash_11504027f6e9b8ec
localizeentry,d#mpui/mk
localizeentry,d#hash_115f614ac4e9cc5a
localizeentry,d#hash_1162f9f5932fbe6c
localizeentry,d#mpui/ir
localizeentry,d#mpui/is
localizeentry,d#mpui/gl
localizeentry,d#hash_11762cbfbf851d22
localizeentry,d#mpui/dw
localizeentry,#hash_117ab36b067e50bc
localizeentry,#hash_11805dfd9dff5613
localizeentry,d#mpui/camo_dante
localizeentry,d#hash_11894c88451b8c54
localizeentry,#hash_118fad24bee64847
localizeentry,d#mpui/sf
localizeentry,d#mpui/rf
localizeentry,#hash_11b824fee55364a2
localizeentry,#hash_11be8c19506c207f
localizeentry,d#hash_11cfa6d5f521dede
localizeentry,d#hash_11d17195d5833bc4
localizeentry,d#hash_11d9a7667005bd90
localizeentry,#hash_11e20e7aebbc76a3
localizeentry,d#hash_11ed4198ea5c24eb
localizeentry,#menu/use
localizeentry,d#hash_11fc52bf678a78aa
localizeentry,#hash_121616a335d9d0d7
localizeentry,d#hash_1236f2e52ce62afe
localizeentry,d#hash_123ae4a60ccf6bfd
localizeentry,d#hash_1249c752f0063653
localizeentry,d#hash_1264a46ec0d1a356
localizeentry,#hash_12721ed0264b5f06
localizeentry,d#hash_12780400b9b6d9c4
localizeentry,#hash_12be1775f606b2cd
localizeentry,d#hash_12c54437024636d5
localizeentry,d#mpui/uber
localizeentry,d#hash_12db80600caec1be
localizeentry,#hash_12f169c39158140c
localizeentry,#hash_12fdfb1668c96401
localizeentry,d#hash_130269fa0f74449a
localizeentry,d#menu/attachments
localizeentry,#hash_132a61a3d616bb1e
localizeentry,#hash_132de7314ef0759f
localizeentry,d#hash_1339e923e692ad5e
localizeentry,d#hash_13402ca216747121
localizeentry,#hash_13406303d9338a94
localizeentry,d#weapon/smg_handling_t8
localizeentry,d#hash_135adda4f059ebb3
localizeentry,d#hash_136345e001af6313
localizeentry,#hash_1363e98eb2c347db
localizeentry,#hash_1373a829ce2228c4
localizeentry,d#hash_137ef28b08b28233
localizeentry,#hash_13bf5dc441029664
localizeentry,d#mpui/barrelchoke_desc
localizeentry,#hash_13d6e6281ae4c785
localizeentry,#hash_13d8fcc067f4d014
localizeentry,d#hash_13f64b913a8510ce
localizeentry,d#weapon/trophy_system
localizeentry,#hash_141046a378053bef
localizeentry,d#weapon/ar_fastfire_t8_operator
localizeentry,#wz/medical_stash
localizeentry,d#hash_141db4744dcb2583
localizeentry,d#weapon/lmg_stealth_t8_desc
localizeentry,d#hash_142341cceeb0a116
localizeentry,#hash_1441dcddb6d233ef
localizeentry,#hash_144db3a08be7fb92
localizeentry,#hash_144fc182e418be9c
localizeentry,d#hash_14633d1ef1b7eb3f
localizeentry,d#hash_1463c40407f3f83f
localizeentry,d#hash_1463c50407f3f9f2
localizeentry,#hash_146d73780c8fb8e0
localizeentry,#hash_147758749b0e039f
localizeentry,d#hash_147e2848e15ee62e
localizeentry,d#hash_148aa8eed3118f2e
localizeentry,d#hash_148f584bcb922ad1
localizeentry,d#weapon/ar_galil_t8
localizeentry,d#hash_14b0cb2059e37ef7
localizeentry,d#hash_14b9981c6e3d2f76
localizeentry,#hash_14d7bd9466b67fe1
localizeentry,#hash_14e57c7bdc451dc2
localizeentry,d#weapon/ar_fastfire_t8_operator_desc
localizeentry,d#hash_14f2f1a82c766a8f
localizeentry,d#hash_14f2f2a82c766c42
localizeentry,d#hash_14f2f3a82c766df5
localizeentry,d#hash_14f4d9658b7c0f38
localizeentry,d#weapon/gadget_cleanse
localizeentry,d#weapon/shotgun_precision_t8_desc
localizeentry,d#weapon/ar_peacekeeper_t8
localizeentry,d#hash_15394937ed234d30
localizeentry,d#hash_1555ba42a6be2354
localizeentry,#hash_1563337e4e2c79c4
localizeentry,#hash_1563347e4e2c7b77
localizeentry,#hash_1563357e4e2c7d2a
localizeentry,d#hash_1568599ef8cfd3be
localizeentry,d#hash_157811d05dd35f12
localizeentry,d#hash_158bb03f868917ed
localizeentry,#hash_159422619daa50d8
localizeentry,#hash_15b0bb8a5179067b
localizeentry,d#mpui/camo_redhex
localizeentry,d#hash_15c1db03a1e9e898
localizeentry,d#hash_15cf0d46af70291b
localizeentry,d#heroes/hudson
localizeentry,d#hash_15eb907895417455
localizeentry,d#mpui/null
localizeentry,#hash_16025ca2b9dd4da3
localizeentry,#hash_161c216ed83a1283
localizeentry,#hash_1646adf908196648
localizeentry,#hash_1649dc9ad9b89284
localizeentry,d#hash_165a8932254a9933
localizeentry,d#hash_165cb0073a454af8
localizeentry,d#hash_1666d637cb2cc7e9
localizeentry,d#mpui/grip
localizeentry,d#hash_166b7f0f8f0d22fc
localizeentry,d#hash_1671990559be23ae
localizeentry,d#hash_1673867f6138538f
localizeentry,#menu/remove
localizeentry,#hash_16846f70b99c21f0
localizeentry,#hash_16847270b99c2709
localizeentry,#hash_1699cb6fec374f74
localizeentry,d#hash_169b3300f8e78d75
localizeentry,d#hash_169cf57ff0a09e0d
localizeentry,d#hash_16ae04bddde4a11b
localizeentry,d#hash_16d4f9160c1078e9
localizeentry,#hash_16da48776890f132
localizeentry,d#wz/weaver
localizeentry,d#hash_16ed64e3af963a3c
localizeentry,#hash_17067454bbd230c5
localizeentry,#hash_17092d0a21e48a22
localizeentry,d#hash_1734034703f1fa35
localizeentry,#hash_17525250556c866c
localizeentry,d#hash_17596207123b54e4
localizeentry,d#hash_17596507123b59fd
localizeentry,d#mpui/suppressed_desc
localizeentry,#hash_1762b1a3aa910d84
localizeentry,#hash_176dcb27e4a0b1f4
localizeentry,d#hash_17783814d047454c
localizeentry,d#hash_1786aed0f5e3a78c
localizeentry,d#hash_1786b1d0f5e3aca5
localizeentry,#hash_1791352079aa8244
localizeentry,#hash_1795d8ff956b32a2
localizeentry,d#hash_17bbdb87c62cb98c
localizeentry,d#hash_17bbdc87c62cbb3f
localizeentry,d#hash_17bbdd87c62cbcf2
localizeentry,#hash_17bd5f2079d0048d
localizeentry,d#hash_17c0eb37199a2d92
localizeentry,#hash_17d5ee0895ea41c5
localizeentry,d#hash_17e04861c952e4ab
localizeentry,#mp/remote_exit
localizeentry,d#hash_17ede46111f44fec
localizeentry,d#mp/change_class_next_spawn
localizeentry,d#hash_18207070ba4e5433
localizeentry,d#hash_184e36c0f4f594d6
localizeentry,d#hash_184e37c0f4f59689
localizeentry,d#hash_184e38c0f4f5983c
localizeentry,d#hash_184e39c0f4f599ef
localizeentry,d#hash_184e3ac0f4f59ba2
localizeentry,d#hash_185a20745667ca83
localizeentry,#hash_186b3aae8cacae88
localizeentry,#hash_1877a41463bbaec6
localizeentry,#hash_18873c1f9eb8f341
localizeentry,d#hash_188fe06988471765
localizeentry,#hash_189d868d756bb77d
localizeentry,#hash_18af89f3e3e8dae8
localizeentry,d#hash_18b7797e532aa1bb
localizeentry,#hash_18dc8ecefebf1515
localizeentry,d#hash_18e58cc95db34427
localizeentry,d#hash_18e8c0862204180a
localizeentry,d#hash_18eaf4fb1061fde3
localizeentry,d#weapon/tr_damageburst_t8
localizeentry,#hash_18fc67098800a626
localizeentry,d#menu/enemy
localizeentry,#hash_191d99adc60420b1
localizeentry,d#mpui/uber_desc
localizeentry,d#hash_19321257ff91941b
localizeentry,#hash_1935cd3d5994a44f
localizeentry,d#hash_193c1c010f81e229
localizeentry,d#hash_194122f68876e5d9
localizeentry,#hash_194b6c8c989d3c9e
localizeentry,d#weapon/willy_pete
localizeentry,d#hash_1960a6223dd21d1a
localizeentry,#hash_1961e616ae14b756
localizeentry,#hash_196bafaf4e7530f2
localizeentry,d#hash_1986f6683c870870
localizeentry,#hash_1997d5af4e9aac6f
localizeentry,d#hash_199afe73da269a6f
localizeentry,d#mpui/barrelchoke
localizeentry,d#warzone/spknifeork_t8
localizeentry,d#hash_19b1cdfb6bb99900
localizeentry,d#hash_19b68f33e380778c
localizeentry,d#hash_19be96a19b1c40bc
localizeentry,d#hash_19d832c5116a6948
localizeentry,d#hash_19d834c5116a6cae
localizeentry,d#hash_19d835c5116a6e61
localizeentry,d#hash_19d836c5116a7014
localizeentry,d#hash_19d837c5116a71c7
localizeentry,d#hash_19e740ad10eead80
localizeentry,d#hash_1a04ce0d8e079c23
localizeentry,#hash_1a107bb643252275
localizeentry,#weapon/freezegun
localizeentry,d#hash_1a181fa1ac4e9142
localizeentry,#menu/charm_steak
localizeentry,#hash_1a2ac7d3118b5303
localizeentry,#hash_1a2eee6d4bbfd6fd
localizeentry,#menu/double_xp
localizeentry,#hash_1a5485d603b5e1ee
localizeentry,#hash_1a743810ea378e0b
localizeentry,#hash_1a9ae1e6bc1cfedc
localizeentry,d#hash_1ae747bbe788bba3
localizeentry,#hash_1aed0f38cbd8815a
localizeentry,d#hash_1afeeaf3825c2324
localizeentry,d#hash_1b03c0fc3a12bbdb
localizeentry,#hash_1b0dcc02393cec4e
localizeentry,#hash_1b24a4cddbb668db
localizeentry,#hash_1b38cf5bb8542cbd
localizeentry,d#hash_1b41bda0337255bd
localizeentry,#zmweapon/homunculus
localizeentry,#hash_1b653b0af6f50609
localizeentry,d#hash_1b7ba0cb780bda09
localizeentry,#hash_1b8c1975883c0211
localizeentry,#hash_1b93aba3836a05f1
localizeentry,#weapon/smg_capacity_t8_operator
localizeentry,#hash_1ba819f632bb248a
localizeentry,d#killstreak/overwatch_snipers
localizeentry,#hash_1bb5c737dc5dbc0d
localizeentry,d#hash_1bba3ce9fa810d2e
localizeentry,d#hash_1bd01414ff19ee0a
localizeentry,#hash_1bf992decba13b2b
localizeentry,d#hash_1c01013be2691f1b
localizeentry,d#menu/triple_kill
localizeentry,#hash_1c067a1967345eb9
localizeentry,d#hash_1c07c87a45375aaf
localizeentry,d#hash_1c205aeb02d4f29e
localizeentry,d#hash_1c61d4073c05a0a7
localizeentry,#hash_1c6bb00d1953309e
localizeentry,d#hash_1c70bbcd2c405970
localizeentry,#hash_1c8487524f1f587b
localizeentry,d#zombie/scarlett
localizeentry,d#hash_1c8c755830bb75b2
localizeentry,d#mpui/camo_integer
localizeentry,#hash_1c96f39a878e18d3
localizeentry,#hash_1cd7eb3f7d80e6f7
localizeentry,d#menu/driver_seat
localizeentry,#hash_1cf45eadd754592b
localizeentry,#hash_1d02215cc5e49ede
localizeentry,#hash_1d05475cc5e71547
localizeentry,#hash_1d0dd1366200e856
localizeentry,#hash_1d23bfbcd5f26261
localizeentry,#hash_1d953404e139e071
localizeentry,#hash_1da627ad12738759
localizeentry,d#hash_1dbc001dca7e304d
localizeentry,d#hash_1dbe91bea6333613
localizeentry,d#hash_1dfe770ed272a831
localizeentry,d#zmui/mms_desc
localizeentry,d#hash_1e0254269ed8ffd3
localizeentry,#hash_1e0259def0e71f8a
localizeentry,d#hash_1e0fbee575b0e9ca
localizeentry,#hash_1e2fbc2978d264a3
localizeentry,d#hash_1e4f75610177b237
localizeentry,#hash_1e5d4fb3bb4e4451
localizeentry,d#mpui/steadyaim2
localizeentry,d#hash_1e6faffee0aac61b
localizeentry,#hash_1e993a7261c62997
localizeentry,#hash_1ec02a95496f3883
localizeentry,d#hash_1ec28f865f9444e3
localizeentry,d#menu/x_headshots
localizeentry,#hash_1edff8b75339c3f8
localizeentry,d#weapon/ar_stealth_t8_operator_desc
localizeentry,d#hash_1ef3fb5b43ee5890
localizeentry,d#hash_1ef3fc5b43ee5a43
localizeentry,d#hash_1ef3fd5b43ee5bf6
localizeentry,d#hash_1ef3fe5b43ee5da9
localizeentry,d#hash_1ef4005b43ee610f
localizeentry,d#hash_1f0557daffbbc3a8
localizeentry,d#hash_1f0559daffbbc70e
localizeentry,d#hash_1f055adaffbbc8c1
localizeentry,d#hash_1f055bdaffbbca74
localizeentry,d#hash_1f055cdaffbbcc27
localizeentry,d#hash_1f3c0da1df077340
localizeentry,d#hash_1f3de3e08b3ad876
localizeentry,#menu/charm_cartoon_bomb
localizeentry,d#hash_1f4bbe6e19b50c78
localizeentry,d#hash_1f4da16155efef25
localizeentry,#hash_1f502b29576cdf19
localizeentry,d#hash_1f512796479b3a4c
localizeentry,d#hash_1f600acd7bf93b1e
localizeentry,d#hash_1f7e54600499d61a
localizeentry,#hash_1f8c8912f5654bb8
localizeentry,#hash_1f8e8360c903175b
localizeentry,d#hash_1f9f1af62b80db96
localizeentry,#menu/charm_grenade
localizeentry,d#hash_1fbcdfdf3fb70bdc
localizeentry,#hash_1fcd3b1b67f32045
localizeentry,#hash_20071ab3686e8d58
localizeentry,#hash_2009fc6ad12fdb90
localizeentry,#weapon/ammo
localizeentry,#hash_203d8d5eb73dbc34
localizeentry,#hash_203ff65a4ee460e6
localizeentry,#weapon/wraith_fire_wz_desc
localizeentry,#menu/charm_plant_peach
localizeentry,d#hash_205ce294b7d9fd87
localizeentry,d#hash_2071a64c16f44bca
localizeentry,d#menu/report_player
localizeentry,d#hash_2076197971acef53
localizeentry,d#zombie/richtofen
localizeentry,#hash_208ea870ce3f300a
localizeentry,d#hash_208eb7d41301aac0
localizeentry,d#hash_2095da416d84f50c
localizeentry,#hash_20aaff2ae8cd4664
localizeentry,d#hash_20f040b3baacc402
localizeentry,d#hash_20f4971a5e348c9e
localizeentry,d#weapon/lmg_standard_t8_operator
localizeentry,#wz/attach_foregrip_desc
localizeentry,#hash_21159a051530cd1c
localizeentry,#hash_211dd865e50ededb
localizeentry,d#hash_212038a14a4364b1
localizeentry,#hash_2122bde7362c6934
localizeentry,d#hash_212a3bd4984ce7b3
localizeentry,d#hash_2134677180aa74c6
localizeentry,#hash_2134df9f49965b8c
localizeentry,d#hash_2139903360c0166c
localizeentry,#hash_2141f3eaef2341bb
localizeentry,d#weapon/hero_lightninggun
localizeentry,d#hash_215c3e3eb8ff0a22
localizeentry,#hash_217565542d35aa75
localizeentry,d#hash_21868d247829d827
localizeentry,d#hash_21928b3f3fbe816f
localizeentry,d#menu/controls
localizeentry,d#zmweapon/ww_crossbow_t8
localizeentry,d#hash_21ae94021c967d51
localizeentry,d#hash_21bbdd7d1b7cfb1b
localizeentry,d#hash_21bf53d95e5ac2b5
localizeentry,d#hash_21d76663beb85390
localizeentry,d#hash_21da964b91bd7062
localizeentry,#menu/charm_donut_unicorn
localizeentry,d#hash_21f0836c2a07e0d1
localizeentry,d#heroes/sergei
localizeentry,#hash_220160808c99fe71
localizeentry,d#hash_22071bf9c4de88a5
localizeentry,d#hash_2219d2672d506c37
localizeentry,#hash_2232f0cfd847af2f
localizeentry,d#hash_22343c3ae5fbcb69
localizeentry,d#weapon/melee_secretsanta_t8
localizeentry,#hash_225a5cf3f4ceae68
localizeentry,d#hash_226442eca8affe87
localizeentry,d#hash_22654c1dda327657
localizeentry,d#hash_22654d1dda32780a
localizeentry,d#hash_22654e1dda3279bd
localizeentry,d#hash_22708c2ad707f823
localizeentry,d#hash_22708d2ad707f9d6
localizeentry,d#hash_22708e2ad707fb89
localizeentry,d#wz/attach_acog
localizeentry,d#hash_2278573f99a78371
localizeentry,#hash_2286141cebc1e318
localizeentry,#hash_2288ab2499b99929
localizeentry,#hash_228c8b2499bd4ba0
localizeentry,#hash_228d88341db37905
localizeentry,d#heroes/marlton
localizeentry,#hash_22a0bb2499ce463a
localizeentry,#hash_22b49c2499deba97
localizeentry,#hash_22b88c2499e2883e
localizeentry,d#hash_22e478c9a3ee41c3
localizeentry,d#hash_22ec60cd78b8277f
localizeentry,d#hash_2303fe8649a07cf1
localizeentry,d#weapon/acid_bomb
localizeentry,#hash_231007c3b2b31bdb
localizeentry,#hash_2310c36882644fc9
localizeentry,d#hash_23184906a849ac54
localizeentry,d#hash_2326f7ff485370a3
localizeentry,d#hash_2339f0cfac2140d6
localizeentry,d#hash_233c5af449e256e4
localizeentry,#hash_234175bd548c4c21
localizeentry,#hash_2344096f597a0f37
localizeentry,d#hash_234ad6d27c671a42
localizeentry,#hash_234e336f5982ab1a
localizeentry,d#hash_235c7fa5f5e676c2
localizeentry,d#hash_238489b797b392b8
localizeentry,#hash_2396c7aa8bdab21c
localizeentry,#hash_2396caaa8bdab735
localizeentry,d#hash_23996baac73c3f6d
localizeentry,#hash_239b4d30eb78175e
localizeentry,#hash_23a5775e662d4370
localizeentry,d#hash_23ad6e33678cc2f1
localizeentry,d#hash_23b0f363b2524e85
localizeentry,d#hash_23b156b9a286f6c8
localizeentry,d#wz/attach_stock
localizeentry,#hash_23b6815e663bc7a1
localizeentry,#hash_23b9b19f4dbb3f9e
localizeentry,#mp/roundend
localizeentry,d#weapon/sig_blade
localizeentry,d#mpui/camo_jungle
localizeentry,#hash_23e3fe9a21d94b49
localizeentry,#hash_23ef6a41762515e9
localizeentry,d#mpui/dualoptic_desc
localizeentry,#hash_240690424a5fffe8
localizeentry,d#hash_2416e57528dac8a1
localizeentry,#hash_241793c9651e000f
localizeentry,d#weapon/ar_an94_t8
localizeentry,#hash_2438353b3bfb453b
localizeentry,d#hash_243f001288c350ef
localizeentry,d#hash_243f011288c352a2
localizeentry,d#hash_243f021288c35455
localizeentry,#hash_2443dac0d8af3240
localizeentry,d#hash_24453b4e3dec5078
localizeentry,d#hash_24453e4e3dec5591
localizeentry,d#hash_24478a903275510a
localizeentry,d#hash_244ee9beaa552ff7
localizeentry,d#mpui/camo_huntsman
localizeentry,d#hash_246c7d9118b22299
localizeentry,d#hash_2471098b0579a24c
localizeentry,#hash_2486995ff1df34d4
localizeentry,d#hash_24a3e0f402bfd000
localizeentry,d#hash_24c9561478db5594
localizeentry,#hash_24d839f4458ea27f
localizeentry,d#hash_24db5c3f282d03fb
localizeentry,d#hash_24ee711120301faf
localizeentry,d#hash_24f57d11203652c1
localizeentry,#hash_24f647b2c24d78a6
localizeentry,d#hash_24fbe911203b75f3
localizeentry,d#hash_250158f8fb37f010
localizeentry,d#hash_2502f5112041a905
localizeentry,d#weapon/eq_emp_grenade
localizeentry,d#hash_25105a1e4c1d1e63
localizeentry,d#hash_251330f71941b5a4
localizeentry,d#hash_25367ee2d2142179
localizeentry,d#hash_254ab7013d677953
localizeentry,d#hash_255550e48375d5e2
localizeentry,d#hash_255c9cc584359d0e
localizeentry,#hash_256cae539ffe6011
localizeentry,#hash_2577b757c1ca9678
localizeentry,d#hash_25811ef8abc80b1f
localizeentry,d#hash_2591933cdd75f1b0
localizeentry,d#hash_2591943cdd75f363
localizeentry,d#hash_2591963cdd75f6c9
localizeentry,d#hash_25a2d82476428ac4
localizeentry,d#mpui/elo_desc
localizeentry,#hash_25c370180daf36cf
localizeentry,d#hash_25d3f454e864bb4a
localizeentry,d#hash_25d76236ffacad0c
localizeentry,d#hash_25d76336ffacaebf
localizeentry,d#hash_25d76536ffacb225
localizeentry,d#weapon/molotov
localizeentry,#hash_25e4beaf2f4b166a
localizeentry,#hash_25ed654cdb8d56be
localizeentry,d#hash_25edfec743a2fb28
localizeentry,#hash_25f0076dd9406c3a
localizeentry,d#hash_25fc6c872fa95f5e
localizeentry,d#hash_25fd2c1464e1c556
localizeentry,#hash_25fdf644e07c02e0
localizeentry,d#hash_260897d7da773c9d
localizeentry,#hash_260a07a7c41a40aa
localizeentry,d#hash_26185feb423b167a
localizeentry,d#hash_2628f8facd7d3398
localizeentry,d#hash_2638daad27dc2949
localizeentry,d#hash_2644c98d6e0f3750
localizeentry,d#hash_2644cc8d6e0f3c69
localizeentry,d#menu/specialist
localizeentry,d#hash_2674d175d3480e09
localizeentry,#hash_267517de6398b8e5
localizeentry,#hash_2675ea06ae086251
localizeentry,d#mpui/pistolscope
localizeentry,#hash_268e464278a2f8ff
localizeentry,#hash_2693d057d5a0aeaf
localizeentry,d#hash_2695a183ca5e7ec8
localizeentry,d#hash_26985ce22eb83168
localizeentry,d#hash_26985de22eb8331b
localizeentry,d#hash_26985ee22eb834ce
localizeentry,d#hash_269861e22eb839e7
localizeentry,d#hash_269862e22eb83b9a
localizeentry,d#hash_269863e22eb83d4d
localizeentry,d#hash_26aa65f602b3970f
localizeentry,d#hash_26aa66f602b398c2
localizeentry,d#hash_26aa67f602b39a75
localizeentry,d#hash_26adc6b84f143b29
localizeentry,#menu/title
localizeentry,d#hash_26cec63e356f25a4
localizeentry,d#hash_26cec93e356f2abd
localizeentry,#hash_26d6fc5fdd93d35a
localizeentry,d#hash_26ed695fddf597f3
localizeentry,#weapon/smg_standard_t8_wz_desc
localizeentry,#hash_2735cedffef30ddf
localizeentry,#hash_274dde55e72757fc
localizeentry,d#hash_2752e514c50c747b
localizeentry,d#hash_2753e12270cb517e
localizeentry,#menu/charm_skateboard
localizeentry,d#hash_278d3311308a79b2
localizeentry,d#hash_27b6370099fd52ea
localizeentry,d#hash_27ca9e9ddb30522a
localizeentry,d#hash_27d1d51144cad6bc
localizeentry,d#hash_27e482156e8378a8
localizeentry,d#hash_27ec863426c7f9ef
localizeentry,d#wz/yuri
localizeentry,d#hash_2824d005ed55cb12
localizeentry,d#weapon/smg_accurate_t8_wz_desc
localizeentry,#hash_284bab3e953057c5
localizeentry,#hash_285431c36f266d33
localizeentry,d#hash_2855e8fe94593c64
localizeentry,d#hash_286ab9cd8a2e395c
localizeentry,#menu/charm_salty_shaker
localizeentry,d#hash_287117baae790d6d
localizeentry,d#mpui/fmj2_desc
localizeentry,#mp/halftime
localizeentry,d#hash_28f8d698fe4d79d2
localizeentry,d#zmui/high_caliber_2_desc
localizeentry,d#hash_290718641d507e03
localizeentry,d#hash_290b0b80050c7ddd
localizeentry,#wz/attach_acog_desc
localizeentry,#hash_293035ff005b620f
localizeentry,#warzone/drop_and_detach
localizeentry,#hash_29503cd034274830
localizeentry,d#hash_2958a49de1cce7d2
localizeentry,#hash_2968d3b043bae7ea
localizeentry,#menu/slots_low
localizeentry,#hash_29769c69201fdc49
localizeentry,d#mpui/holdbreath_desc
localizeentry,#hash_299f41bc84e87c6b
localizeentry,d#weapon/sniper_powersemi_t8
localizeentry,#hash_29b65bbc84fb877a
localizeentry,#hash_29bb6384237a40b8
localizeentry,d#hash_29c7c549dbcfda00
localizeentry,d#hash_29c8316725752063
localizeentry,#hash_29cb4e88079890ea
localizeentry,#hash_29d120c5aabca367
localizeentry,#hash_29d121c5aabca51a
localizeentry,d#hash_29d1b41ee09e09b8
localizeentry,d#menu/x_kills
localizeentry,#hash_29e6a8d0f83f4fc6
localizeentry,#hash_29edae9f64b1a109
localizeentry,#hash_29f29e5738ac6a7a
localizeentry,#hash_29f6a908f9b269ad
localizeentry,d#hash_2a634db8501d93aa
localizeentry,d#hash_2a649dbc043061bb
localizeentry,#hash_2a65c49afd832c6d
localizeentry,#menu/charm_avocado_toast
localizeentry,#warzone/resources
localizeentry,d#hash_2a8b9477893742f8
localizeentry,#hash_2a995770d23477ee
localizeentry,d#hash_2aa2e6ae102b15f4
localizeentry,#hash_2aa5ba121d5b912b
localizeentry,d#hash_2aa6fa1848766679
localizeentry,#hash_2aa9e45553bbeb9d
localizeentry,#hash_2aacc9d074897012
localizeentry,d#weapon/smg_fastfire_operator
localizeentry,#hash_2ab308e80d7cceaf
localizeentry,#hash_2ab30ae80d7cd215
localizeentry,d#weapon/smg_fastfire_t8_operator_desc
localizeentry,d#hash_2ac4bdf5cbb026a6
localizeentry,d#weapon/ar_doublebarrel_t8
localizeentry,d#hash_2af17aa72622530e
localizeentry,#hash_2afae1ddbb4e21c6
localizeentry,#hash_2b0e1f9a3a18912b
localizeentry,d#hash_2b0fae1c09a3d8a9
localizeentry,d#hash_2b13337a845adb3b
localizeentry,#hash_2b13aa9e715385af
localizeentry,#menu/charm_skeleton_key
localizeentry,#hash_2b2096d421c8cd24
localizeentry,#menu/charm_tanuki
localizeentry,d#hash_2b24588b1bb759ba
localizeentry,d#hash_2b27d20d2cfc1069
localizeentry,d#hash_2b2c7e74787b96e9
localizeentry,d#menu/quit
localizeentry,d#hash_2b3d791eb05ec296
localizeentry,d#mpui/camo_ardent
localizeentry,#hash_2b66865922fd1bbe
localizeentry,d#mpui/acog_desc
localizeentry,#hash_2b9883e118f9fa0b
localizeentry,d#hash_2b99a2cafed13c5a
localizeentry,#hash_2bacb4d078e5c949
localizeentry,#hash_2bb5c9ce8ef3cfdc
localizeentry,#hash_2bb5cbce8ef3d342
localizeentry,#hash_2bb5ccce8ef3d4f5
localizeentry,d#hash_2bb87386985ba15f
localizeentry,#hash_2bd23a68618982ef
localizeentry,d#hash_2bd9b7ad12cb308a
localizeentry,d#weapon/sniper_quickscope_t8_operator
localizeentry,#hash_2bfc921caac510fb
localizeentry,#mp/connected
localizeentry,#wz/attach_extbarrel_desc
localizeentry,d#weapon/pistol_revolver_t8_operator
localizeentry,d#mpui/stabilizer_desc
localizeentry,d#mpui/holdbreath
localizeentry,d#weapon/wraith_fire
localizeentry,#hash_2c77ba13adb5c064
localizeentry,#hash_2c77bd13adb5c57d
localizeentry,#hash_2c7ac9bbf9b5ff76
localizeentry,d#hash_2cab672fd372f942
localizeentry,d#hash_2cacf24523dc0e84
localizeentry,d#hash_2cb92e3fe836385e
localizeentry,d#hash_2cb92f3fe8363a11
localizeentry,d#hash_2cb9303fe8363bc4
localizeentry,d#hash_2cb9313fe8363d77
localizeentry,d#hash_2cb9323fe8363f2a
localizeentry,d#weapon/launcher_standard_t8
localizeentry,#hash_2cbfb7c2c1736bb0
localizeentry,d#hash_2cd7b64166b9eca8
localizeentry,#hash_2cecf881da509b4f
localizeentry,d#hash_2cfeaf4b3bd0f02f
localizeentry,d#hash_2d003d6a1240093c
localizeentry,d#hash_2d04000a7a329c9a
localizeentry,#hash_2d0b194fce727473
localizeentry,d#weapon/grapple
localizeentry,d#hash_2d28c08feaa399fc
localizeentry,d#hash_2d31f74c7bbea1d8
localizeentry,#hash_2d409bb4890e1387
localizeentry,#hash_2d479341d5d10990
localizeentry,#hash_2d479441d5d10b43
localizeentry,#hash_2d479641d5d10ea9
localizeentry,#hash_2d479941d5d113c2
localizeentry,d#hash_2d851b47994ea820
localizeentry,d#hash_2d85a60f366822d1
localizeentry,#hash_2d93e9364b720411
localizeentry,d#hash_2dacb641140422db
localizeentry,d#hash_2dacb7411404248e
localizeentry,d#weapon/lmg_standard_t8_operator_desc
localizeentry,d#hash_2dcef906736f45f9
localizeentry,d#hash_2dd9b243f4c05fbc
localizeentry,d#hash_2ddfd4dacf1faf6f
localizeentry,d#hash_2ddfd5dacf1fb122
localizeentry,d#hash_2ddfd6dacf1fb2d5
localizeentry,d#hash_2e0977873fff6924
localizeentry,d#hash_2e097a873fff6e3d
localizeentry,d#heroes/david_mason
localizeentry,#hash_2e1be7bb1bd0ae45
localizeentry,#hash_2e1f5bc23cbde755
localizeentry,d#heroes/stuhlinger
localizeentry,#hash_2e2f2a36caf939f0
localizeentry,#hash_2e348c3e28038251
localizeentry,d#heroes/captain_price
localizeentry,d#hash_2e57b38b7a8ee82e
localizeentry,d#hash_2e5a7c3af9676d70
localizeentry,#hash_2e849d595fc7e02b
localizeentry,d#mpui/reflex
localizeentry,d#hash_2ea2a5c77a5deb75
localizeentry,#hash_2ec61c43d90fcf56
localizeentry,d#hash_2ed10f5e91a70c68
localizeentry,d#weapon/melee_coinbag_t8
localizeentry,#hash_2ef98b8ea89aa3e5
localizeentry,d#hash_2f00fd2f58e07ac7
localizeentry,#menu/next
localizeentry,d#hash_2f282b67eb9354e3
localizeentry,d#hash_2f35a5a77a2e2340
localizeentry,#hash_2f3db08411548b58
localizeentry,#hash_2f3edaf17b2213d9
localizeentry,d#hash_2f4adc1e1be75835
localizeentry,d#hash_2f4b04901c7b2832
localizeentry,d#hash_2f6eb9c102b831ad
localizeentry,d#hash_2f7231dcf7961528
localizeentry,d#hash_2f7521bc4601e06e
localizeentry,d#mpui/camo_burnt
localizeentry,#hash_2f84718ee93f3a4d
localizeentry,#hash_2f90063d90eecadb
localizeentry,#hash_2f951a0817f78b9d
localizeentry,d#hash_2fbf00e0099dc149
localizeentry,d#mpui/fmj2
localizeentry,#hash_2fdafcbf8344ba2a
localizeentry,d#hash_2ff2b09942dc0eed
localizeentry,#hash_2ffc819e951044e9
localizeentry,#hash_2ffc839e9510484f
localizeentry,#hash_2ffc849e95104a02
localizeentry,#warzone/drop
localizeentry,d#hash_3004e4cf18a63fd0
localizeentry,#hash_300594f12f5cc7ef
localizeentry,d#hash_301d068f12af5636
localizeentry,d#hash_3022c29c2b59efe8
localizeentry,#hash_30292df57ca31383
localizeentry,d#hash_3041bf105b58c16a
localizeentry,d#hash_3056cad3abb00a71
localizeentry,#hash_305d5258f7e7ab49
localizeentry,d#mpui/ir_desc
localizeentry,d#hash_307e6e8b3b60de99
localizeentry,d#hash_308345f92f6f5b30
localizeentry,#hash_309f6a17f45fceaf
localizeentry,#hash_30be9e5a3b565a2d
localizeentry,d#weapon/uber_boltcylinder
localizeentry,d#hash_30e40899533141b1
localizeentry,#hash_30ebd9a564f8adc2
localizeentry,d#hash_30f532e9051a3691
localizeentry,#hash_310e0c314a2638e9
localizeentry,#hash_312562fbade6a775
localizeentry,#hash_315b3574789b2f7b
localizeentry,#hash_3161ed05a4e04839
localizeentry,d#hash_316c1b427a7eeda0
localizeentry,#hash_3184ac2c3044b17f
localizeentry,d#hash_318630efd9dca28c
localizeentry,d#hash_318633efd9dca7a5
localizeentry,d#heroes/mercenary
localizeentry,#menu/player
localizeentry,d#hash_31b5340e9a1b398c
localizeentry,#hash_31bde7b1cb8db9ac
localizeentry,#hash_31bde8b1cb8dbb5f
localizeentry,#hash_31bde9b1cb8dbd12
localizeentry,d#hash_31e9d057a03398bf
localizeentry,d#hash_31ed753676e47763
localizeentry,d#hash_31f9969679af0380
localizeentry,d#hash_31fd0757adf15946
localizeentry,d#hash_320ebbc5f603e4d4
localizeentry,#hash_32255c699ed9f63d
localizeentry,d#hash_3228d505fe15ebd5
localizeentry,d#weapon/ar_standard_t8
localizeentry,d#hash_32315e97c5f6e412
localizeentry,#weapon/m2fraggrenade
localizeentry,#hash_324683c0410cac8c
localizeentry,d#hash_3257eb81601ce67c
localizeentry,#hash_325882699f059068
localizeentry,#hash_3262d00bd8c46e0d
localizeentry,d#hash_326eb1964a3a3f9f
localizeentry,d#hash_326eb2964a3a4152
localizeentry,d#hash_3279150dc6bd1b3b
localizeentry,#hash_3280349e39b62189
localizeentry,#hash_328a07093267e5d5
localizeentry,d#mpui/camo_snowjob
localizeentry,#hash_32a4c73eb82436e6
localizeentry,#hash_32a5083eb824a559
localizeentry,#hash_32a51a9e39d51198
localizeentry,#weapon/sig_bow
localizeentry,d#hash_32dc94fba031bc78
localizeentry,#hash_32fd7986ed047f25
localizeentry,#hash_330bf8ad247252f2
localizeentry,#hash_330fb1ca77cf4b0c
localizeentry,d#hash_33105d49e7fd102e
localizeentry,d#hash_3317df4d2338d6e4
localizeentry,#hash_332c2ce69a257af0
localizeentry,d#hash_3355d82a29ea13da
localizeentry,#hash_336047647b82f7e9
localizeentry,d#hash_337772a447c34221
localizeentry,#hash_3388e9e4797ab68d
localizeentry,d#hash_33ba5b935d8a0407
localizeentry,d#hash_33c5a3d6ed967788
localizeentry,d#hash_33e108978defc156
localizeentry,d#hash_33e6dfdb0241a822
localizeentry,#hash_33ec27c79520c9b2
localizeentry,#hash_33ee76dc3ee23fa2
localizeentry,d#hash_33f013eacb53964c
localizeentry,d#weapon/incendiary_grenade
localizeentry,#hash_340b3dc7953b9fa3
localizeentry,#mpui/linked
localizeentry,d#heroes/russman
localizeentry,d#hash_342443b50bd7e95b
localizeentry,d#hash_342c90ec25fd2481
localizeentry,#hash_3434a4306773f8c6
localizeentry,d#hash_34374abb43bb30d1
localizeentry,d#hash_34381b6a8123400a
localizeentry,d#hash_344d7560d19b42aa
localizeentry,#hash_3497309f932530e0
localizeentry,d#hash_349d8de092444231
localizeentry,#hash_34a2541e3e7eaced
localizeentry,d#hash_34ae5f9e39fc4a1f
localizeentry,#hash_34af0d829f35cf59
localizeentry,d#hash_34beecef5d7f74d0
localizeentry,d#hash_34c196ce3d0a7583
localizeentry,#hash_34d31c3720790ea5
localizeentry,#hash_34f347c78b3f5793
localizeentry,d#mpui/holo_desc
localizeentry,#hash_34fbfd6b591e8b59
localizeentry,#hash_3503ea7ac6a9a9db
localizeentry,#hash_350931f36a825309
localizeentry,d#hash_351521aa45129768
localizeentry,d#hash_351b0b7c315cc8f5
localizeentry,#hash_3538c5f99b2f4bb0
localizeentry,#hash_353d10bef28d6e73
localizeentry,#hash_3545352f9420a92a
localizeentry,#hash_3549cff99b3dcfe1
localizeentry,d#hash_35785e45bc814b95
localizeentry,d#hash_35862a9649e68501
localizeentry,d#hash_358a967180ca55e2
localizeentry,#hash_359ef21c4528be3c
localizeentry,#hash_359ef31c4528bfef
localizeentry,#hash_359ef41c4528c1a2
localizeentry,d#hash_35a62b3fff6e346b
localizeentry,d#hash_35bb877fa5e4f8f8
localizeentry,d#heroes/woods_old
localizeentry,#hash_35e4f35a99a1e628
localizeentry,d#hash_35fda0fb3591aeee
localizeentry,d#mpui/quickdraw2
localizeentry,d#hash_360742434808cf8e
localizeentry,d#hash_361dcb2fe8b26482
localizeentry,d#hash_362aeac0348c69cf
localizeentry,d#hash_362aebc0348c6b82
localizeentry,d#hash_362aecc0348c6d35
localizeentry,d#hash_3632c924f3d7483f
localizeentry,d#hash_3640fdfd426ba4b4
localizeentry,#menu/charm_steel_balls
localizeentry,d#hash_36555077c1328b43
localizeentry,#hash_3656cf7975588ed1
localizeentry,d#hash_36575e1f70f54339
localizeentry,d#hash_3657af7df7426c89
localizeentry,#hash_3658295ff39e722d
localizeentry,d#hash_366888e106b2bbb3
localizeentry,#hash_366ad11ec14087b1
localizeentry,d#hash_367dd4c3c93edc80
localizeentry,#hash_367f00f43a014ffc
localizeentry,d#wz/attach_extclip
localizeentry,#hash_36aad5001875a271
localizeentry,#hash_36b0f4217f0831b8
localizeentry,d#hash_36be4a2f9e325b50
localizeentry,d#hash_36c3e41e891b7ebd
localizeentry,d#mpui/fmj
localizeentry,#hash_36e1d8ef1c17dba3
localizeentry,#hash_36e1d9ef1c17dd56
localizeentry,#hash_36e1daef1c17df09
localizeentry,#hash_36e25fd652fdfac2
localizeentry,#hash_36fc8130df24444b
localizeentry,#hash_3704dc2854dba865
localizeentry,d#menu/back
localizeentry,d#hash_3711e06035d8ba03
localizeentry,d#hash_371486bc7b68667e
localizeentry,d#hash_37167f604c666180
localizeentry,d#hash_37235825812d46c6
localizeentry,#hash_373b7a84e7ac2c2e
localizeentry,d#hash_37502c0724396be2
localizeentry,d#hash_376efe19fa8506dd
localizeentry,#hash_37738499f67cb3ee
localizeentry,d#hash_378e9287360338a6
localizeentry,#hash_3799fe76b95eb1ea
localizeentry,d#wz/attach_suppressed
localizeentry,d#hash_37a58e9177310dae
localizeentry,d#hash_37ac50379bd7d5fa
localizeentry,#hash_37e386673a19b47c
localizeentry,d#hash_38083e9f7995cfe3
localizeentry,#hash_3808a0f913affd00
localizeentry,d#weapon/sig_bow_quickshot_desc
localizeentry,d#hash_38176321111c84c8
localizeentry,d#hash_38176521111c882e
localizeentry,#hash_38242b5d10ab6d48
localizeentry,d#hash_3824d76b4a721017
localizeentry,#menu/charm_pufferfish
localizeentry,#menu/charm_9mm
localizeentry,#menu/charm_paint_shop
localizeentry,d#hash_38698d6863661eb6
localizeentry,d#hash_38702abdee3837d0
localizeentry,d#zmui/fmj2_desc
localizeentry,#hash_38851419c3d83bd3
localizeentry,d#heroes/blackjack
localizeentry,d#weapon/sniper_mini14_t8
localizeentry,#hash_38bf98f9da1fc248
localizeentry,d#hash_38cadd3d78c04519
localizeentry,d#hash_38deb3201ab34d8e
localizeentry,#hash_38e98cf0d697d92c
localizeentry,d#hash_38ed3ff8bccdd054
localizeentry,d#hash_38fa33de16848bb0
localizeentry,#hash_390805c6a4d058b5
localizeentry,d#hash_3916397fbdb60669
localizeentry,#hash_39385dc963af6f3b
localizeentry,d#menu/new
localizeentry,d#mpui/killcounter
localizeentry,d#warzone/start_warzone
localizeentry,#hash_395155665e8f3f4b
localizeentry,d#hash_3963c3e923f20726
localizeentry,d#mpui/extbarrel2
localizeentry,d#hash_3981bcfc33da7c0d
localizeentry,d#hash_3985f2f816999c75
localizeentry,d#mpui/grip_desc
localizeentry,d#hash_39b2d26afb1d9f94
localizeentry,d#hash_39bac218bf0160b1
localizeentry,#hash_39c62d3c1c35dc01
localizeentry,d#hash_39de79f877902d7d
localizeentry,d#hash_39ea42c9eed180f1
localizeentry,d#hash_39f6555a4480dbfe
localizeentry,d#hash_3a0058814e03f575
localizeentry,#hash_3a063cccef2cba6b
localizeentry,d#hash_3a08f8d6796dec18
localizeentry,d#wz/character_mission
localizeentry,#hash_3a1ebd341ba4f3f8
localizeentry,d#hash_3a294441722f3c4d
localizeentry,#hash_3a2d903b8229f480
localizeentry,#hash_3a3768d0b55db0fb
localizeentry,d#hash_3a39edbadcadd221
localizeentry,d#hash_3a4d9d6e9b54f9f8
localizeentry,d#hash_3a7482d98cbb39fc
localizeentry,d#hash_3a830d55e5d87585
localizeentry,#wz/deathcam
localizeentry,d#hash_3a8ea4f2af590045
localizeentry,#hash_3aad9f5a753f0418
localizeentry,d#hash_3ab07b5825f0895f
localizeentry,#menu/charm_surfboard
localizeentry,d#hash_3ac3b80c833b60e1
localizeentry,d#mpui/reddot_desc
localizeentry,#hash_3ad34b109062d9c7
localizeentry,d#hash_3ae42f7d6eabab5a
localizeentry,#hash_3aec55ddd2e60cfe
localizeentry,#hash_3af07bddd2ea3667
localizeentry,d#hash_3b0767ee4125d1b4
localizeentry,d#hash_3b241c1aef808442
localizeentry,d#hash_3b2a3200ca68c552
localizeentry,d#weapon/ar_damage_t8
localizeentry,d#hash_3b34d57746f21fd3
localizeentry,#hash_3b4f78132d7e832c
localizeentry,d#hash_3b6aef472fd03c04
localizeentry,#hash_3b719a225449db88
localizeentry,d#heroes/enforcer
localizeentry,d#hash_3ba7454f3fae4c4b
localizeentry,d#mpui/camo_darkmatter
localizeentry,d#hash_3bb4fa8f6dc7bb6e
localizeentry,#hash_3bea3433e79cdac4
localizeentry,d#hash_3bf437dd2e981df1
localizeentry,#hash_3c0f13d289c30c66
localizeentry,d#hash_3c15a6995173d09f
localizeentry,d#hash_3c2ee5b7745a5f77
localizeentry,#hash_3c2f4e092823eabc
localizeentry,d#options/hide
localizeentry,#hash_3c49bb4da34b082a
localizeentry,d#weapon/special_crossbow_t8
localizeentry,#hash_3c6bec6b106a6ae4
localizeentry,d#hash_3c781f3d248e0804
localizeentry,d#hash_3c929cabec952c14
localizeentry,#menu/charm_shark
localizeentry,#hash_3ca064480a56ac73
localizeentry,#hash_3ca065480a56ae26
localizeentry,#hash_3ca1ba4b6f3b4af6
localizeentry,d#hash_3ca3935f24b68d73
localizeentry,d#hash_3ca968dee9e5dc02
localizeentry,d#hash_3cbdafac7f4a7bd2
localizeentry,#weapon/smg_handling_t8_wz_desc
localizeentry,#hash_3ccf9bf5cc21aeb3
localizeentry,#hash_3ceae24f2bf7166c
localizeentry,d#weapon/smartcover
localizeentry,d#hash_3d1d2fa348ff38fc
localizeentry,d#hash_3d26eb8dafae98e9
localizeentry,d#hash_3d3d083bf1cd39ef
localizeentry,d#hash_3d75c0876757457c
localizeentry,d#hash_3d7abb3373fab887
localizeentry,#hash_3d7ca20059c76368
localizeentry,#menu/charm_ice_cream
localizeentry,d#hash_3d911d10ec61ff64
localizeentry,d#hash_3da9b81e1e523524
localizeentry,#hash_3dbdebd27773724a
localizeentry,d#hash_3dbea3546d963630
localizeentry,d#hash_3dc03beae637fccc
localizeentry,d#mpui/tacknife
localizeentry,d#hash_3de8e053a2e6c69b
localizeentry,#hash_3df2e16830b73be2
localizeentry,d#hash_3dfd2cf9c5589207
localizeentry,d#hash_3e078f77e046350d
localizeentry,#mp/autobalance_now
localizeentry,#hash_3e386bb4ab0520ec
localizeentry,d#hash_3e42591da1c1538f
localizeentry,#hash_3e4a1361965a5300
localizeentry,d#mpui/steadyaim_desc
localizeentry,d#hash_3e525b6474241d75
localizeentry,d#hash_3e5c72aa389ce5b2
localizeentry,#warzone/backpack
localizeentry,d#heroes/technomancer
localizeentry,d#hash_3e8a0cb01da50ec6
localizeentry,d#hash_3e8ae40eb5c2bb2f
localizeentry,d#hash_3e8ae50eb5c2bce2
localizeentry,d#hash_3e8ae60eb5c2be95
localizeentry,d#mpui/camo_chameleon
localizeentry,d#weapon/sniper_damagesemi_t8_desc
localizeentry,d#hash_3eb01f705fee50ee
localizeentry,d#mpui/gl_desc
localizeentry,d#hash_3ee20f103a454178
localizeentry,#hash_3ee36b22d9999257
localizeentry,#hash_3ef7115237a4a31f
localizeentry,#hash_3ef744e8fe8025ee
localizeentry,d#zmweapon/impaler
localizeentry,d#mpui/is_desc
localizeentry,d#hash_3f2f7eb9125d6a01
localizeentry,d#hash_3f39168570a692fa
localizeentry,#hash_3f3bfdb58545206e
localizeentry,#hash_3f3ee3b585472a17
localizeentry,#hash_3fa90e68b570af69
localizeentry,#hash_3fae7eeadcd89015
localizeentry,#hash_3fbc31728dcf625e
localizeentry,d#hash_3ff903bb7100ecd4
localizeentry,#hash_4003fa6ed678a7fe
localizeentry,d#hash_4011b91ad86b02a3
localizeentry,d#weapon/bowie
localizeentry,d#hash_40437c588294d952
localizeentry,d#hash_404ca37577438b46
localizeentry,d#hash_40559059765cc25e
localizeentry,#hash_40838cba9f56afbf
localizeentry,#hash_40838dba9f56b172
localizeentry,d#hash_408a1b3d366d1e96
localizeentry,d#hash_40bdea6deb82471e
localizeentry,d#killstreak/dart
localizeentry,d#mpui/fastlockon
localizeentry,#supplypod/use
localizeentry,#hash_40f81f0725c61935
localizeentry,#hash_40fc1b6868f6094d
localizeentry,d#hash_410816fdbdb4ad8e
localizeentry,d#hash_4108425ce1d0f984
localizeentry,#hash_4125cced23f321a2
localizeentry,d#mpui/extbarrel
localizeentry,#menu/charm_banana_funtime
localizeentry,d#hash_414ce3af89eedef1
localizeentry,#menu/charm_shotgun_shell
localizeentry,d#mpui/mixclip_desc
localizeentry,d#hash_416a2ad60889ae48
localizeentry,#hash_416ba86213200cbc
localizeentry,d#hash_416cc45da8917a9c
localizeentry,#hash_41732ba28731d5e5
localizeentry,#hash_4175bed334f4b2f2
localizeentry,#hash_4181a242738b42c3
localizeentry,#hash_41842d668f2bc505
localizeentry,d#weapon/pistol_burst_t8
localizeentry,d#hash_4191cdda584b4408
localizeentry,#hash_41980f6e8c22676c
localizeentry,#hash_4198126e8c226c85
localizeentry,#hash_41b0e334d3d94958
localizeentry,d#hash_41bd4c5cdc9ef279
localizeentry,d#hash_41cb6987fed6cbe6
localizeentry,d#zombie/takeo
localizeentry,#hash_41da457b0409fb2c
localizeentry,d#mpui/elo
localizeentry,d#hash_41ed99048f6cb7f0
localizeentry,#hash_41f7289bc37f8fa5
localizeentry,d#mpui/damage_desc
localizeentry,#hash_42068d321b472d24
localizeentry,d#hash_420861c64b6e9e7c
localizeentry,#hash_421429dc57d37796
localizeentry,#hash_4224a7321b6056e1
localizeentry,d#hash_422c2d6777e82ad8
localizeentry,#demo/basic_mode
localizeentry,d#hash_42490c9faeaafef8
localizeentry,#hash_426758cb22a6aa7f
localizeentry,d#hash_4272bbd56c2a48c8
localizeentry,d#weapon/tr_powersemi_t8
localizeentry,#hash_42900747b42a56ba
localizeentry,#menu/charm_tea_bag
localizeentry,#hash_42c27e2320c64a74
localizeentry,#menu/charm_anime_pillow
localizeentry,#hash_42d67dccb863c991
localizeentry,d#mpui/supply
localizeentry,d#hash_42f139647d606ebe
localizeentry,d#hash_42fdd11fc9d561b4
localizeentry,d#hash_42fdd21fc9d56367
localizeentry,d#hash_42fdd41fc9d566cd
localizeentry,d#hash_430bb2a4b04e4d94
localizeentry,d#hash_430bb3a4b04e4f47
localizeentry,d#hash_430bb4a4b04e50fa
localizeentry,d#hash_43374b5ab9becdaa
localizeentry,d#hash_4349ff5ff5d95bf3
localizeentry,d#mpui/camo_jungletek
localizeentry,d#heroes/brutus
localizeentry,#hash_43755c926654c027
localizeentry,#hash_43759bf8e83e9cdb
localizeentry,d#zombie/cymbal_monkey
localizeentry,d#menu/map
localizeentry,d#weapon/snowball
localizeentry,d#hash_43b0cfc850dbcc04
localizeentry,d#hash_43b7168b75575032
localizeentry,#hash_43b8ba99c9f6409e
localizeentry,#wz/attach_stock_desc
localizeentry,#hash_43c8ac9335afaa5e
localizeentry,#hash_43e2116663c9518e
localizeentry,d#hash_43e473b576b3ee66
localizeentry,#hash_43e6ef73850d43d7
localizeentry,d#hash_43fc4626798fabd7
localizeentry,d#hash_4408bf0c8d195bb5
localizeentry,d#mpui/camo_bliss
localizeentry,#hash_441bc5590c260227
localizeentry,#mpui/no_target
localizeentry,#hash_4425af590c2e314a
localizeentry,#hash_443361ec3b224047
localizeentry,d#hash_447a3e5055f27129
localizeentry,d#weapon/ar_peacekeeper_t8_desc
localizeentry,d#hash_44b48cb82a40409c
localizeentry,#mp/waiting_to_spawn
localizeentry,d#hash_44d6863447b03eff
localizeentry,#hash_44e0796b86f15082
localizeentry,d#mpui/suppressed
localizeentry,d#hash_44efa5f5678040e7
localizeentry,#hash_451b4f963550c585
localizeentry,#hash_4525be5a39df06ca
localizeentry,d#hash_4527ffa656482a23
localizeentry,d#hash_452802a656482f3c
localizeentry,d#hash_452804a6564832a2
localizeentry,d#hash_452805a656483455
localizeentry,d#hash_452fd06faf792671
localizeentry,#hash_4530df3f9dd4e8e8
localizeentry,#hash_4530e23f9dd4ee01
localizeentry,#hash_453ecbd9693dd1d3
localizeentry,#hash_453ee5f529bac109
localizeentry,d#weapon/sniper_fastrechamber_t8
localizeentry,d#hash_45736359c23d6a81
localizeentry,#hash_458fcfd4caae9ae2
localizeentry,d#medal/headshot
localizeentry,d#hash_45a041b31bd4e7e3
localizeentry,d#hash_45a86a0fdc0e56d5
localizeentry,#hash_45c5cd656e3bc648
localizeentry,d#hash_45c9c9f185bd647e
localizeentry,#menu/charm_outhouse
localizeentry,d#mpui/hipgrip_desc
localizeentry,d#weapon/water_balloon
localizeentry,d#hash_45f407bc037861dc
localizeentry,#hash_45f6c271560b065c
localizeentry,d#hash_45f9659238799c3b
localizeentry,#menu/detach
localizeentry,d#hash_46125cb81abd4c42
localizeentry,d#mpui/holo
localizeentry,#hash_463e51bff17859f1
localizeentry,d#mpui/quickdraw_desc
localizeentry,#hash_4656dd61a70abd85
localizeentry,#hash_466d7501609b03d0
localizeentry,#hash_46705f01609d1445
localizeentry,d#weapon/decoy_grenade
localizeentry,d#weapon/sig_bow_quickshot
localizeentry,d#hash_46ecd2855994b018
localizeentry,d#weapon/shotgun_precision_t8
localizeentry,d#hash_46f43bbe009e17af
localizeentry,d#weapon/smg_vmp_t8
localizeentry,d#weapon/melee_amuletfist_t8
localizeentry,d#hash_471d3d570cc92a00
localizeentry,d#hash_47535df020baeaa8
localizeentry,d#hash_4755e10481d7be2d
localizeentry,d#hash_477163300061f09a
localizeentry,#hash_47a314be32a9bba5
localizeentry,#menu/double_double
localizeentry,d#hash_47b62b1cc694a3c3
localizeentry,#hash_47c293686973a52b
localizeentry,#mp/waiting_for_players
localizeentry,#hash_47c4fd27be9f5e75
localizeentry,d#hash_47f9d805f8f35f0e
localizeentry,d#hash_480234a872bd64ac
localizeentry,#hash_481e5e34f798331e
localizeentry,d#hash_481f4d1215e979eb
localizeentry,#hash_48279189bb1861f4
localizeentry,#hash_4843facdbe21c207
localizeentry,d#hash_4845e2ede985cb12
localizeentry,#hash_48466b89bb32d1f1
localizeentry,#hash_48467d65cb9490a9
localizeentry,d#hash_484ad9cfce6882fa
localizeentry,d#hash_4861ed6423ebd90e
localizeentry,d#hash_486d9ecdf4662ceb
localizeentry,#hash_48791c77a28cc37e
localizeentry,#hash_487cb34e02db6c32
localizeentry,#hash_488b7950288bf6ec
localizeentry,d#hash_4890ba1a7d2c379c
localizeentry,d#hash_489fb0767147097a
localizeentry,d#hash_48ac48b3c418558f
localizeentry,#hash_48b03bcf3187a2cd
localizeentry,#hash_48c90c4b40c26813
localizeentry,#menu/charm_pizza
localizeentry,#hash_48e83c4a0f83f5db
localizeentry,d#hash_48ef09d289b2d63e
localizeentry,#hash_48f98411b1cab658
localizeentry,#hash_48f98711b1cabb71
localizeentry,d#hash_490c3521298b5e16
localizeentry,#hash_490e164a0fa48486
localizeentry,#hash_4911d1f708fff427
localizeentry,#hash_4911d2f708fff5da
localizeentry,#hash_4911d3f708fff78d
localizeentry,d#hash_491cf5410c7b8205
localizeentry,d#hash_4925899529895c0b
localizeentry,d#mpui/adsreload_desc
localizeentry,d#hash_4928dc6c23119d85
localizeentry,d#hash_4929750024da07ee
localizeentry,d#weapon/uber_firingunit
localizeentry,d#heroes/outrider
localizeentry,d#weapon/melee_slaybell_t8
localizeentry,#mp/intermission
localizeentry,d#hash_496edb1627c797ee
localizeentry,d#hash_4973da5ba484b2ae
localizeentry,d#weapon/melee_stopsign_t8
localizeentry,d#hash_49825883266ed51f
localizeentry,d#hash_498726726975f563
localizeentry,d#hash_49a891cb0a25d88a
localizeentry,d#killstreak/drone_squadron
localizeentry,#hash_49d22e69ec9d8fa8
localizeentry,d#hash_49e88c8053d4f73e
localizeentry,d#hash_49ef20fb729908af
localizeentry,#hash_49fe863e6425c8ce
localizeentry,d#hash_4a24740941328c2e
localizeentry,d#mpui/camo_heatstroke
localizeentry,d#weapon/lmg_spray_t8_operator
localizeentry,#hash_4a3e8db201a1e2bf
localizeentry,d#hash_4a584bc8c443f246
localizeentry,d#hash_4a6f079813e273c3
localizeentry,#menu/charm_computer_teeth
localizeentry,#hash_4a80e30eedb8e675
localizeentry,#hash_4a91f19ad1e9e99f
localizeentry,d#hash_4ab3fd4294c21d31
localizeentry,d#hash_4abd192255393c9e
localizeentry,#hash_4ac4e6df00b1e08d
localizeentry,#hash_4acd6807292167c6
localizeentry,#hash_4ade90237e6498c0
localizeentry,d#hash_4ae4ed13aed2e15c
localizeentry,#warzone/ammo
localizeentry,#mpui/personalize
localizeentry,d#hash_4b105b524a93b53d
localizeentry,#hash_4b177e726d713d45
localizeentry,d#hash_4b3413c4a4256053
localizeentry,#hash_4b446844ff94c9eb
localizeentry,d#hash_4b6618ba8adc8898
localizeentry,#hash_4b914f387b0a33a9
localizeentry,d#weapon/smg_minigun_t8_desc
localizeentry,#hash_4b9f14cb9cd6df0c
localizeentry,#hash_4bbb247300b3ae21
localizeentry,#hash_4bc5b5cefbe730f7
localizeentry,#hash_4becd87bef63d4f8
localizeentry,d#hash_4bef0fa181cd1bad
localizeentry,d#weapon/melee_stopsign_t8_desc
localizeentry,d#weapon/mini_turret
localizeentry,d#hash_4c2bbe6f91c1ca94
localizeentry,d#heroes/zombie_female
localizeentry,d#hash_4c54ecd9dfb3b3fd
localizeentry,d#hash_4c778ee9a8587639
localizeentry,d#hash_4c7c89ca8274cf90
localizeentry,d#hash_4c7d903a026627fc
localizeentry,d#hash_4c85f537151277e3
localizeentry,d#hash_4c8a1088a78ed34a
localizeentry,d#hash_4c91844a71f2bf98
localizeentry,#hash_4c9636a5e986a254
localizeentry,#hash_4c9bf18ebd4aa256
localizeentry,#hash_4cb55edafff81c41
localizeentry,d#hash_4cb6b3d695c746d7
localizeentry,#hash_4cbb57645849ce8e
localizeentry,#hash_4cedf0c0447d3d9c
localizeentry,d#hash_4d048d939c70cad9
localizeentry,d#hash_4d14812463ae3b9b
localizeentry,#platform/use_pilot
localizeentry,d#hash_4d2421f7ec86b2c7
localizeentry,d#heroes/hudson_hawaiian
localizeentry,d#hash_4d2bd374d3c699ed
localizeentry,d#hash_4d2e998666cced8c
localizeentry,#hash_4d309810414b0cf0
localizeentry,#hash_4d309910414b0ea3
localizeentry,#hash_4d309b10414b1209
localizeentry,d#weapon/launcher_standard_operator_t8
localizeentry,d#weapon/uber_skullsplitter
localizeentry,d#mpui/quickdraw
localizeentry,d#hash_4d4836de04df4947
localizeentry,d#hash_4d49a5b478a3fc91
localizeentry,d#hash_4d89a08216101cba
localizeentry,d#hash_4dbc11bdaa103839
localizeentry,#hash_4ddc1166e6112c8b
localizeentry,d#hash_4dff11036295b59f
localizeentry,d#hash_4e06263ae2b9a394
localizeentry,#hash_4e19e40808dc7cf1
localizeentry,d#hash_4e282d9329b9bcdb
localizeentry,#hash_4e28b9d149f7f854
localizeentry,#hash_4e2c45a307c8fab7
localizeentry,#hash_4e398a5cbfea8413
localizeentry,d#hash_4e3b1996ef83f7ed
localizeentry,d#hash_4e3c597d83bc0cfa
localizeentry,d#hash_4e40329fce46aaca
localizeentry,d#hash_4e413fbdde10b051
localizeentry,d#hash_4e4e3963ae2a75e5
localizeentry,#hash_4e54a3d14a1d0ddd
localizeentry,#hash_4e629850e7968a6e
localizeentry,#hash_4e6d5a4cc38bebb7
localizeentry,#hash_4e72f04c43211d1e
localizeentry,d#hash_4e7620f6c5fd6ef7
localizeentry,#hash_4e8d860773e7f262
localizeentry,#hash_4ec73bc375db0ec5
localizeentry,#hash_4ecd9cfb7e38f47d
localizeentry,d#hash_4ecf043abb22bdd5
localizeentry,d#hash_4ecfa703971b8aae
localizeentry,d#mpui/extclip2_desc
localizeentry,d#hash_4ed6f1ab0cbc899b
localizeentry,d#hash_4ee0003abb312a3c
localizeentry,#hash_4ee41897c81afe5f
localizeentry,d#hash_4ef4a7e12ce21b48
localizeentry,d#mpui/sf_desc
localizeentry,#hash_4f086bf747d2e0b7
localizeentry,#hash_4f086cf747d2e26a
localizeentry,#hash_4f086df747d2e41d
localizeentry,d#hash_4f0d8ebb363015e0
localizeentry,d#hash_4f23c6ecb321fa19
localizeentry,d#weapon/sniper_powerbolt_t8
localizeentry,d#hash_4f3d3e5e7b6182ef
localizeentry,d#hash_4f3d3f5e7b6184a2
localizeentry,#hash_4f4d5ea16d8316f0
localizeentry,#hash_4f4d5fa16d8318a3
localizeentry,#hash_4f4d60a16d831a56
localizeentry,#hash_4f4d61a16d831c09
localizeentry,#hash_4f4d63a16d831f6f
localizeentry,#hash_4f4d64a16d832122
localizeentry,#hash_4f4d65a16d8322d5
localizeentry,#hash_4f4d6aa16d832b54
localizeentry,#hash_4f669512df581896
localizeentry,#hash_4fb00d233b6dafe4
localizeentry,#hash_4fb6fee8faca0da9
localizeentry,#hash_4fe0bd6557dd8287
localizeentry,#hash_4fe0be6557dd843a
localizeentry,#hash_4feb8755eff8941b
localizeentry,d#hash_5005244ea6568b03
localizeentry,d#hash_502b6147b487d459
localizeentry,d#mpui/camo_fear
localizeentry,d#weapon/tr_powersemi_operator
localizeentry,d#hash_503781a25efaf894
localizeentry,d#hash_503dcc29a3312eef
localizeentry,#hash_5046feb2bf6ac103
localizeentry,d#weapon/sensor_dart
localizeentry,d#hash_504b5346d29dabe0
localizeentry,d#hash_50505213038a045a
localizeentry,d#heroes/cosmic_silverback
localizeentry,d#hash_505a3bc87782f5f1
localizeentry,d#hash_5061c51a1f27d457
localizeentry,d#weapon/special_crossbow_t8_desc
localizeentry,d#hash_506621193b404166
localizeentry,d#mpui/vzoom_desc
localizeentry,d#hash_507959e59d640b9b
localizeentry,#hash_50803de69132ea58
localizeentry,#hash_5082acdba9528232
localizeentry,d#hash_508f337171a6135d
localizeentry,d#hash_509da9197179068f
localizeentry,d#hash_50acb81dbe07fbfe
localizeentry,d#hash_50bdfa6845ded90e
localizeentry,#wz/attach_suppressed_desc
localizeentry,d#weapon/tripwire
localizeentry,#hash_50e192601d65f99e
localizeentry,d#weapon/tr_midburst_t8_operator_desc
localizeentry,#menu/custom
localizeentry,d#hash_50f8bfed8b88688c
localizeentry,#hash_510613c8177903d1
localizeentry,d#hash_510efa40e4b9f78e
localizeentry,d#hash_5110681ab84dee00
localizeentry,#hash_512074025b49ba87
localizeentry,#hash_51217c22aa19a294
localizeentry,#hash_51217e22aa19a5fa
localizeentry,d#mpui/camo_gold
localizeentry,d#hash_513f53684131a446
localizeentry,#hash_514145cea5410b00
localizeentry,#menu/switch_seats
localizeentry,#hash_51608b70eca1bdcb
localizeentry,d#hash_516c58a3b86fd628
localizeentry,d#hash_516c5aa3b86fd98e
localizeentry,d#hash_516c5ba3b86fdb41
localizeentry,d#hash_516c5ca3b86fdcf4
localizeentry,d#hash_516c5da3b86fdea7
localizeentry,d#hash_516c5fa3b86fe20d
localizeentry,#hash_5178a570ecb67bda
localizeentry,d#hash_51838fdd5ea1d43a
localizeentry,#hash_518bbca8da8fe171
localizeentry,#hash_51af1b2f0736916b
localizeentry,d#hash_51b5ab61ab29f129
localizeentry,d#hash_51b856257aed7ad2
localizeentry,d#hash_51bc1d86576ff0a7
localizeentry,d#hash_51bc1e86576ff25a
localizeentry,d#hash_51cdef3c83e06476
localizeentry,#hash_51d0da5dfb8f016f
localizeentry,d#mpui/none
localizeentry,d#hash_51f16c8e493066e0
localizeentry,d#hash_51f9844545cb4ff6
localizeentry,#hash_52068defb1e33ac2
localizeentry,#menu/charm_codfish
localizeentry,d#hash_521cc88215b8cabe
localizeentry,d#hash_522abfccbad02b11
localizeentry,#hash_522bb851d29dec00
localizeentry,#hash_522bba51d29def66
localizeentry,#hash_522bbb51d29df119
localizeentry,d#hash_52308270b37d973b
localizeentry,#hash_5234736a1c101be7
localizeentry,#hash_523fa6775bb328b8
localizeentry,d#hash_525323d079ad4d6f
localizeentry,#hash_52578f3361cae2f0
localizeentry,#hash_525a793361ccf365
localizeentry,#hash_5270755047c71a5b
localizeentry,#hash_5276acc21b647e3a
localizeentry,d#hash_5279b360abe18023
localizeentry,d#hash_5298f46c875f786b
localizeentry,d#weapon/ray_gun
localizeentry,#mp/opponent_forfeiting_in
localizeentry,#hash_52dbecc9f5d7600a
localizeentry,d#mpui/camo_diamond
localizeentry,d#hash_52e5da353a7c99c1
localizeentry,#hash_52e9e8e985489587
localizeentry,#hash_52f5d67b7d6915ef
localizeentry,d#hash_52fbb2b1bf5017e3
localizeentry,#hash_53293c2f8fe5a04c
localizeentry,d#hash_5329cec2eabe8884
localizeentry,d#hash_533780d4270ca05d
localizeentry,d#hash_5349737b0bdaa763
localizeentry,#hash_534ad229607585b5
localizeentry,d#hash_534cb4bb5b735479
localizeentry,#menu/charm_sniper_bullet
localizeentry,d#hash_5384588c2f4949a5
localizeentry,d#hash_5389c422257f635e
localizeentry,#hash_539502279b642251
localizeentry,d#weapon/melee_actionfigure_t8
localizeentry,d#hash_539e0b798546e3ff
localizeentry,d#hash_53a6aaae52503edf
localizeentry,d#hash_53a6abae52504092
localizeentry,#menu/charm_hula_girl
localizeentry,#hash_53c0ba6abce1c0ea
localizeentry,d#hash_53c2d286517d2485
localizeentry,d#hash_53dd1232efc88328
localizeentry,#hash_53e534d48ed8ab55
localizeentry,d#hash_54008ce61fe52dcd
localizeentry,d#weapon/uber_beltfed_desc
localizeentry,#hash_5421156ac7b7c324
localizeentry,#hash_5431c728cf567ad4
localizeentry,#hash_543761f8c382135b
localizeentry,#hash_543b757ed7ba5c8a
localizeentry,d#mpui/speedreloader_desc
localizeentry,#menu/charm_lucky_cat
localizeentry,d#hash_5456229cfd85d43b
localizeentry,d#hash_546a942e348c5da2
localizeentry,#hash_546f062a56c36584
localizeentry,#hash_546f092a56c36a9d
localizeentry,d#hash_5474352d56a63ba0
localizeentry,d#hash_547439dffbb26594
localizeentry,d#hash_54835bb50736a328
localizeentry,#hash_549105c8de141682
localizeentry,d#mpui/extrapellets
localizeentry,#hash_54b344dedb6f0d63
localizeentry,#hash_54b345dedb6f0f16
localizeentry,#hash_54b346dedb6f10c9
localizeentry,d#weapon/tr_longburst_t8_operator
localizeentry,#hash_54b9055d865bd341
localizeentry,d#hash_54e4fb1367aa3001
localizeentry,d#hash_54e5945897ea7619
localizeentry,d#hash_5508d91703181d8c
localizeentry,#hash_55180a5d7fc618dc
localizeentry,d#hash_551b9a5808fb88ce
localizeentry,d#hash_5528d0e4a71ad3e8
localizeentry,#hash_552c7ed252ae74a2
localizeentry,d#hash_554eb85a28216d99
localizeentry,#hash_555f55a06d00b723
localizeentry,d#weapon/lmg_double_t8
localizeentry,d#zmui/extrapellets_desc
localizeentry,d#hash_556fbdaebf02d158
localizeentry,#hash_557944e987f0a569
localizeentry,#hash_557fcae30c3873c7
localizeentry,d#hash_55974b4a86f368f8
localizeentry,d#hash_55974d4a86f36c5e
localizeentry,d#hash_55974e4a86f36e11
localizeentry,#hash_559e2ae9880f9578
localizeentry,d#wz/reznov
localizeentry,#hash_55a79f95e07a10bc
localizeentry,d#hash_55b1d56b5782dccb
localizeentry,d#hash_55d1eab7cb8b2098
localizeentry,d#hash_55d1ecb7cb8b23fe
localizeentry,d#hash_55d1edb7cb8b25b1
localizeentry,d#hash_55d1eeb7cb8b2764
localizeentry,d#hash_55d1efb7cb8b2917
localizeentry,d#hash_55d1f1b7cb8b2c7d
localizeentry,#hash_55e69975eac86cc7
localizeentry,d#hash_55ea2c0c95af57c7
localizeentry,d#hash_55ea2d0c95af597a
localizeentry,d#zmui/high_caliber_desc
localizeentry,d#hash_560d002c6e40e5df
localizeentry,#hash_560d256b9ff2b04e
localizeentry,d#hash_561a6371fe1e6f3a
localizeentry,d#hash_561bb2bb72747013
localizeentry,d#hash_5627dec5036bc76c
localizeentry,#hash_562f747c8fdebb6a
localizeentry,#menu/charm_dice_20
localizeentry,d#weapon/basketball
localizeentry,#hash_56643a93fc5ef4b5
localizeentry,d#hash_566b27391edd7d0e
localizeentry,#hash_5676ad5b41266b43
localizeentry,#hash_5692415b627f90c5
localizeentry,#hash_56d772673f98a87b
localizeentry,#hash_5704bb4aa4b8696b
localizeentry,d#weapon/ar_modular_t8
localizeentry,#hash_571a12038dc944c1
localizeentry,d#weapon/bare_hands
localizeentry,d#heroes/swatpolice
localizeentry,#hash_572b9a2393a28000
localizeentry,#hash_5732d212e4511a00
localizeentry,d#hash_574a4735af65dcbc
localizeentry,#hash_5758c01e7483e028
localizeentry,d#hash_576ee91723352c06
localizeentry,#hash_577492f62085d727
localizeentry,#hash_57905825fed0ebd8
localizeentry,#hash_5793a2303fcb2877
localizeentry,d#zombie/stanton
localizeentry,#hash_57b6aee74e57790b
localizeentry,#hash_57bab87fece0c88c
localizeentry,#hash_57bc92edd66d4a75
localizeentry,d#hash_57bdc7223fdd20a0
localizeentry,d#hash_57bf03ad30db364e
localizeentry,d#hash_57cd3797ce7fc9b8
localizeentry,#hash_57cec8e74e6c371a
localizeentry,#hash_57dec6e03d01eb93
localizeentry,#hash_57e2eb88daf4624c
localizeentry,#hash_5803baabdfd40972
localizeentry,d#hash_580b94cbde2e1590
localizeentry,d#mpui/steadyaim2_desc
localizeentry,#hash_581f48e2025c4244
localizeentry,#hash_582e7d699910538e
localizeentry,d#hash_5835ce824db9fc92
localizeentry,#hash_583a88f88b0f9de0
localizeentry,d#hash_583aeb2f06dde8ae
localizeentry,#hash_583db35ff3c5e100
localizeentry,d#hash_588ec49729368f9b
localizeentry,d#weapon/melee_bowie_desc
localizeentry,d#hash_58b7aeee47f428da
localizeentry,d#hash_58cfa58aed4f6b81
localizeentry,#hash_58dd986229b8b8c4
localizeentry,d#mpui/reflex_desc
localizeentry,#mp/spawn_next_round
localizeentry,d#hash_590198853f1757c3
localizeentry,d#hash_59239ba940dfd102
localizeentry,d#hash_592a9fce1b5bf880
localizeentry,d#hash_5944ae995893489c
localizeentry,d#hash_594c6bae56896bdc
localizeentry,d#hash_594c6dae56896f42
localizeentry,d#hash_594c6eae568970f5
localizeentry,#hash_595d5ff7c52d0f12
localizeentry,d#hash_595e82600d9dd8eb
localizeentry,#hash_5981cb1c7f338e81
localizeentry,d#hash_5988fa42a3323214
localizeentry,#hash_5991968e9be6c1ea
localizeentry,d#zmweapon/ww_freezegun_t8_upgraded
localizeentry,d#hash_59a474974bec49b5
localizeentry,d#hash_59b8455b75ca4f45
localizeentry,#hash_59b8e8c585b73022
localizeentry,d#weapon/smg_standard_t8
localizeentry,d#weapon/freezegun_desc
localizeentry,#hash_59fa842fea782ea2
localizeentry,d#mpui/grip2
localizeentry,d#hash_5a0b7ffc250986ec
localizeentry,d#hash_5a1bf52f33c62b5d
localizeentry,d#hash_5a3160b12a246ea9
localizeentry,d#hash_5a52f106fb9b2ed6
localizeentry,d#weapon/tr_longburst_t8
localizeentry,#hash_5a56cba3ed5be5a4
localizeentry,#hash_5a61241cd7e3de2b
localizeentry,d#hash_5a7a12e43f1f8c40
localizeentry,d#mpui/hipgrip
localizeentry,d#heroes/sarah_hall
localizeentry,#hash_5a9a2a7e285ee346
localizeentry,#hash_5a9a7f1fdcc1803e
localizeentry,d#hash_5a9b060c653e2953
localizeentry,d#hash_5ab4d7bd01c8b5f1
localizeentry,d#mpui/camo_arctic
localizeentry,#warzone/quick_equip
localizeentry,d#hash_5acae5f224c146a9
localizeentry,#hash_5acc6565befe7e0a
localizeentry,#hash_5ae55f6bab9a6c9f
localizeentry,d#mpui/adsreload
localizeentry,d#hash_5afe13893d384860
localizeentry,#hash_5b1189ff13cd8b59
localizeentry,d#weapon/uber_beltfed
localizeentry,d#hash_5b4036609880d6dd
localizeentry,#hash_5b416bcd1752ec4d
localizeentry,d#hash_5b41b6c337d11f40
localizeentry,d#hash_5b41b7c337d120f3
localizeentry,d#hash_5b41b8c337d122a6
localizeentry,d#hash_5b467b9821009507
localizeentry,#hash_5b47de31c97a49ff
localizeentry,d#heroes/firebreak
localizeentry,d#weapon/sniper_damagesemi_t8
localizeentry,#hash_5b5962feb5888e44
localizeentry,d#weapon/gadget_health_regen
localizeentry,d#hash_5b72cee708252959
localizeentry,d#mpui/camo_battle
localizeentry,#hash_5b787cfeb5a36b01
localizeentry,d#hash_5b952c14209f010d
localizeentry,d#hash_5ba50917d8c93b16
localizeentry,d#hash_5bc13ff3ae2edc33
localizeentry,d#hash_5bc140f3ae2edde6
localizeentry,d#hash_5bdcd5292604f434
localizeentry,#hash_5bf1acff451360ca
localizeentry,d#weapon/hero_pineapplegun
localizeentry,#mp/overtime
localizeentry,d#hash_5bfed5292621da9a
localizeentry,d#hash_5c0d9b140a188ce0
localizeentry,d#hash_5c22594837a0950a
localizeentry,d#hash_5c28147c226eb600
localizeentry,d#heroes/zombie_male
localizeentry,d#hash_5c4b68d4f7c51908
localizeentry,#hash_5c50de254023889b
localizeentry,d#hash_5c53c46dc41abcd8
localizeentry,d#hash_5c53c66dc41ac03e
localizeentry,d#hash_5c53c76dc41ac1f1
localizeentry,#hash_5c76223999d97ec9
localizeentry,d#zombie/bruno
localizeentry,#hash_5caa2ebe5b5efe52
localizeentry,#hash_5cc43b420cfb8a60
localizeentry,#hash_5cc53b522fd3cd71
localizeentry,d#mpui/mixclip
localizeentry,d#mpui/mms_desc
localizeentry,#hash_5cd00823d3c6f1cc
localizeentry,d#hash_5cdec95199dbc739
localizeentry,d#hash_5cdfacbc3e888a70
localizeentry,d#weapon/lmg_heavy_t8
localizeentry,d#wz/woods
localizeentry,#hash_5d184bf09b375aa2
localizeentry,#hash_5d1b0dd82bec4d50
localizeentry,#hash_5d1b10d82bec5269
localizeentry,d#hash_5d2085a9dd85a33f
localizeentry,#hash_5d22de36990c6974
localizeentry,#hash_5d2dcc0fa9b3bc61
localizeentry,#hash_5d353ec43eb36759
localizeentry,#hash_5d3721f09b51c3d3
localizeentry,d#zombie/shaw
localizeentry,#hash_5d6a837091f6ae5a
localizeentry,d#weapon/sniper_mini14_t8_operator
localizeentry,d#hash_5d723ae8855383fa
localizeentry,d#hash_5d986f1a4d6b83bd
localizeentry,#hash_5daf6a96c5df8207
localizeentry,#hash_5db9ee2a23526998
localizeentry,d#hash_5dba026ffa1d58cd
localizeentry,d#weapon/tomahawk_t8
localizeentry,d#hash_5dc620aa9640e528
localizeentry,d#hash_5dc6232f3cc85813
localizeentry,#hash_5dcd547765767788
localizeentry,#hash_5dd4de4914a2964b
localizeentry,d#hash_5de28a4d70b730e1
localizeentry,d#hash_5df50ce2dd193b5b
localizeentry,#hash_5e20bf67125a4903
localizeentry,#hash_5e24251fa458b027
localizeentry,#hash_5e2c616eb9f5bbf6
localizeentry,d#hash_5e2c81adb5a5264a
localizeentry,#hash_5e2ef185900101fe
localizeentry,#hash_5e42dc5c81202d0e
localizeentry,#hash_5e4e395171e8600c
localizeentry,#hash_5e4fc36365ba2350
localizeentry,#hash_5e575e624443053f
localizeentry,#hash_5e6231434add15a2
localizeentry,d#hash_5e6ae4119dda43e0
localizeentry,d#hash_5e92494f0d0f69ca
localizeentry,d#hash_5e961d682f4b127b
localizeentry,#hash_5e9e1e8ac367e1d7
localizeentry,d#hash_5eb4ac8901a73f9e
localizeentry,#hash_5eb663e053be4609
localizeentry,d#hash_5ebf42ba21cb0cc8
localizeentry,d#mpui/camo_contagious
localizeentry,#hash_5ecca61cd820bc94
localizeentry,d#hash_5eda56b72ced21a3
localizeentry,#hash_5edb49e053dd3618
localizeentry,#menu/charm_lava_lamp
localizeentry,d#hash_5eef90b1483c4c23
localizeentry,d#hash_5f17105e484faba8
localizeentry,d#hash_5f17b1bf58db2590
localizeentry,#hash_5f182b253c4a58a8
localizeentry,#hash_5f1c07e495c6fe3d
localizeentry,d#hash_5f214bcb249e06a4
localizeentry,#hash_5f33aed3a709b334
localizeentry,d#hash_5f3abaf73890048b
localizeentry,d#hash_5f5969744de3bf94
localizeentry,d#mpui/extrapellets_desc
localizeentry,#hash_5f803b470392d1c7
localizeentry,d#hash_5fab1560c82aa032
localizeentry,#weapon/syrette
localizeentry,d#weapon/lmg_spray_t8_operator_desc
localizeentry,d#hash_5fce652ea5a5449e
localizeentry,#weapon/noweapon
localizeentry,#warzone/armor_plates
localizeentry,d#hash_6000dbbe3421103a
localizeentry,d#hash_601f72a3327b5651
localizeentry,d#menu/switch_weapon
localizeentry,d#mpui/fastreload_desc
localizeentry,d#weapon/ar_stealth_t8_operator
localizeentry,d#hash_604e4f9ea807346e
localizeentry,d#hash_605969a737686528
localizeentry,d#hash_60596ca737686a41
localizeentry,d#hash_6063cd6ae0f6ce28
localizeentry,d#hash_606656c009072399
localizeentry,d#weapon/uber_burstcount
localizeentry,d#hash_607993fb651c3014
localizeentry,#hash_607da41f4105ca4e
localizeentry,#hash_608793e24f353233
localizeentry,d#zmweapon/spork_knife
localizeentry,#hash_608e2d4eadf54aa3
localizeentry,d#mpui/camo_interpol
localizeentry,d#hash_60a58c15a0b5dd6e
localizeentry,d#hash_60a61b2bae2dd4ef
localizeentry,#hash_60a82395c46b52ac
localizeentry,d#mpui/extbarrel2_desc
localizeentry,#hash_60aeeec1490ce332
localizeentry,d#hash_60f13166fa7a5190
localizeentry,d#hash_60f5890f26d16836
localizeentry,#hash_6101245aedfeb933
localizeentry,#hash_61043ca230c85a5b
localizeentry,#hash_610ac273e0c3e381
localizeentry,d#hash_6114901c1266e95d
localizeentry,d#warzone/inventory
localizeentry,d#hash_61991b6ea093b704
localizeentry,d#menu/default
localizeentry,#hash_61a822f92c3a86bd
localizeentry,d#zmui/barrelchoke_desc
localizeentry,d#hash_61b8b458a78dc18b
localizeentry,d#hash_61bd09d5067e6a8b
localizeentry,d#hash_61ca4e8e9891f0f9
localizeentry,d#hash_61ed417c32abd41e
localizeentry,d#menu/none
localizeentry,d#hash_61f1e4e0967ccb80
localizeentry,d#hash_61f8c357f10f74e1
localizeentry,d#zombie/diego
localizeentry,#hash_6214b9ea58ccdaa2
localizeentry,#hash_621e6cdb5bc6e952
localizeentry,#hash_6222806d4862a783
localizeentry,#hash_62286e317bf5eda9
localizeentry,d#mpui/steadyaim
localizeentry,d#hash_623ecaf180739c95
localizeentry,#hash_62409fea58f1e95f
localizeentry,d#hash_6248e0253e0b1c86
localizeentry,#hash_624a92db5bec64cf
localizeentry,d#hash_62503932e1d53a87
localizeentry,d#hash_62516580f9566fc6
localizeentry,d#mpui/reddot
localizeentry,d#hash_625af09cb23e376f
localizeentry,d#hash_625b9ebf75df252c
localizeentry,d#hash_625ba0bf75df2892
localizeentry,d#hash_625ba1bf75df2a45
localizeentry,d#hash_625d14c75a665dde
localizeentry,d#hash_625d16c75a666144
localizeentry,d#hash_625d17c75a6662f7
localizeentry,d#hash_625d19c75a66665d
localizeentry,d#hash_627f640830ae263b
localizeentry,d#hash_62836407c340f042
localizeentry,d#hash_628b6122d68a8d45
localizeentry,#hash_629b27619d80d93e
localizeentry,d#zombie/nikolai
localizeentry,d#hash_629d187300caa85d
localizeentry,d#hash_62a37757ac4ca938
localizeentry,#hash_62ba0f750e758177
localizeentry,d#heroes/engineer
localizeentry,d#hash_62de42a7efdb2c93
localizeentry,#hash_62e4979e1a30e8c5
localizeentry,d#hash_62e6fdf373d57013
localizeentry,d#hash_62fcc6112f023431
localizeentry,d#hash_63514e08fda5ddae
localizeentry,d#hash_636a57c125ad61ca
localizeentry,d#hash_636a90d5add778dc
localizeentry,d#hash_6370b5a97249c317
localizeentry,d#mpui/camo_6speed
localizeentry,d#weapon/shotgun_fullauto_t8
localizeentry,#hash_63ad31a410c002e4
localizeentry,d#weapon/tr_damageburst_t8_desc
localizeentry,d#hash_63dcee58d6bd572e
localizeentry,#hash_63e2c0f2eabe6ff5
localizeentry,d#mpui/clantag
localizeentry,#menu/charm_snowman
localizeentry,d#hash_63fe012e40283fa8
localizeentry,d#killstreak/invalid_location
localizeentry,d#hash_644187f4990e9841
localizeentry,d#mpui/burst2_desc
localizeentry,d#weapon/uber_wildfire_desc
localizeentry,d#hash_6471fbe367207ce4
localizeentry,#hash_6488a32a90ad8204
localizeentry,d#hash_64d089562e3eec6f
localizeentry,d#hash_64d08a562e3eee22
localizeentry,d#hash_64d08b562e3eefd5
localizeentry,#hash_650d1022cb609a5d
localizeentry,d#mpui/pistolscope_desc
localizeentry,#hash_651c4b69550a9815
localizeentry,d#hash_652166b3e49a9757
localizeentry,d#hash_6526b26aeddff3c5
localizeentry,d#hash_652798c8c39df5b0
localizeentry,d#hash_65307410511dd3aa
localizeentry,#hash_6541feae026c1180
localizeentry,d#hash_654b3a8ecbf13a67
localizeentry,d#hash_654f6d3447266438
localizeentry,d#hash_654f6e34472665eb
localizeentry,d#hash_654f703447266951
localizeentry,d#hash_654f713447266b04
localizeentry,d#hash_654f733447266e6a
localizeentry,d#hash_654f74344726701d
localizeentry,d#hash_655a04a5b6ecb9d5
localizeentry,d#hash_655f7ba042ce2497
localizeentry,#hash_6562bd8ee9e11c5b
localizeentry,d#hash_657e961b97734a8f
localizeentry,d#hash_6585fa7fa77bd040
localizeentry,#menu/charm_crystal
localizeentry,d#weapon/smg_fastfire_t8
localizeentry,#hash_65d6995788bfb8d2
localizeentry,#hash_65de4860b0cde4b1
localizeentry,#hash_65df1136b4d02234
localizeentry,#hash_65df1236b4d023e7
localizeentry,#hash_65df1436b4d0274d
localizeentry,#hash_65e3f47b62987ef5
localizeentry,#hash_65e4ff44bbb1acc4
localizeentry,#hash_660688d8d22f817d
localizeentry,d#hash_662d8c879b8bed90
localizeentry,d#hash_662d8e879b8bf0f6
localizeentry,d#hash_662d8f879b8bf2a9
localizeentry,d#hash_663114aa52ffcb21
localizeentry,d#hash_66326ff81589a75b
localizeentry,d#hash_6635c45f05224db9
localizeentry,d#menu/continue
localizeentry,#hash_6639aed8d25b1ba8
localizeentry,#hash_6639ea59611b378c
localizeentry,d#weapon/pistol_revolver_t8
localizeentry,#hash_665191b4ba3b8d8b
localizeentry,d#hash_665fcaf288735f26
localizeentry,#hash_667a2d37ac8ceff4
localizeentry,d#weapon/melee_zombiearm_t8
localizeentry,d#hash_6684f23ddcfc15df
localizeentry,d#wz/attach_foregrip
localizeentry,#hash_66a61737acb2057d
localizeentry,d#hash_66ae6a4370c4ab65
localizeentry,d#hash_66b6feae974012e8
localizeentry,d#hash_66d33b296eb64fbc
localizeentry,#hash_66f8ca2a43a3e6bc
localizeentry,#hash_66fd7c2fb6af9cf4
localizeentry,#hash_66fe3efb5a178f55
localizeentry,#hash_6700e19363e8a00e
localizeentry,#hash_6704768ae118e4c9
localizeentry,#hash_670d71867b3adb47
localizeentry,#hash_670d72867b3adcfa
localizeentry,d#hash_671b4f023e2f0301
localizeentry,d#mpui/stalker2
localizeentry,d#weapon/smg_accurate_t8_operator_desc
localizeentry,#hash_67536f24e4e34704
localizeentry,d#hash_67537f6f5c1324ca
localizeentry,d#hash_67586fe0366d78c3
localizeentry,d#hash_675870e0366d7a76
localizeentry,d#hash_675c9b0c01b814fb
localizeentry,d#weapon/tr_longburst_t8_operator_desc
localizeentry,d#weapon/uber_sentrygrip
localizeentry,#hash_67ad821b2931dcf7
localizeentry,#hash_67b719632eaa9403
localizeentry,#hash_67b9bd9b1628b977
localizeentry,d#hash_67c263ce5bc83093
localizeentry,d#hash_67d14df1d6cbe990
localizeentry,#hash_67d2f15d64d0758e
localizeentry,d#hash_67d8c3128b7db267
localizeentry,#hash_67e1869756918772
localizeentry,d#hash_67e491aaca561cb2
localizeentry,#hash_67f6a20e21f9e7b9
localizeentry,#hash_68035aec4bc953d7
localizeentry,d#hash_681a4ed1d88fe84f
localizeentry,#menu/charm_bo4_emblem
localizeentry,d#hash_68266b58948f0859
localizeentry,#hash_6838e2ed64fe26b6
localizeentry,d#hash_683d5ba23253c3c0
localizeentry,d#hash_683d5ca23253c573
localizeentry,d#hash_683d5da23253c726
localizeentry,#hash_685b78d996fab60c
localizeentry,d#hash_6862940971a953d5
localizeentry,d#hash_686ea2cda670faab
localizeentry,d#hash_687857dab37b93e3
localizeentry,d#hash_688a1b241ffb922e
localizeentry,d#hash_688f36bf3a607c90
localizeentry,d#hash_68aa6bf5db640dde
localizeentry,d#menu/delete
localizeentry,#hash_68b6a7a86c45442f
localizeentry,d#hash_68c0a28c0b5208a0
localizeentry,d#hash_68d643e5934f851a
localizeentry,#hash_68dd9e8903b7dbff
localizeentry,d#weapon/lmg_standard_t8
localizeentry,d#mpui/extbarrel_desc
localizeentry,d#zombie/dempsey
localizeentry,#hash_6911b319f54dc1ed
localizeentry,#hash_693ac596f9c2a96c
localizeentry,#hash_693c562a64cbace8
localizeentry,d#weapon/hawk_desc
localizeentry,d#mpui/fastreload
localizeentry,d#hash_694b66b1b888e2a8
localizeentry,#hash_695aefb1afbb4b58
localizeentry,#hash_695af2b1afbb5071
localizeentry,#hash_695fc5a9464aa5d4
localizeentry,#mp/killstreak_n
localizeentry,#menu/charm_dog
localizeentry,#mpui/killer
localizeentry,d#hash_6993c1a7dd3452ba
localizeentry,d#weapon/ultimate_turret_desc
localizeentry,d#hash_69ba59c80e43bbff
localizeentry,#hash_69c8693015063f61
localizeentry,d#hash_69f08508c4333d67
localizeentry,#hash_6a0c2383d37849bd
localizeentry,d#weapon/shotgun_semiauto_t8
localizeentry,d#hash_6a0f614541a9de14
localizeentry,#weapon/sticky_grenade
localizeentry,#hash_6a30f871330c4184
localizeentry,d#hash_6a37aaefdcd42eea
localizeentry,d#mp/back
localizeentry,d#hash_6a4930978aef6c45
localizeentry,d#hash_6a81519c4ea880f3
localizeentry,d#mpui/burst2
localizeentry,d#weapon/tr_midburst_operator
localizeentry,#hash_6abd1d3fd0ce6de2
localizeentry,d#hash_6ad2a7ef9f47f319
localizeentry,d#weapon/smg_capacity_t8
localizeentry,d#hash_6aec5de104730e98
localizeentry,d#hash_6aee422878d572b9
localizeentry,d#hash_6afe9fdf48564b82
localizeentry,#hash_6b32950ab833923e
localizeentry,d#hash_6b454c4591b3595d
localizeentry,d#hash_6b510146a31748a7
localizeentry,#menu/charm_ufo
localizeentry,d#hash_6b70c50c8f533ed6
localizeentry,#hash_6b820e00626e081b
localizeentry,#hash_6b8b19a0cc3281e2
localizeentry,d#hash_6b8d04b9dffa3093
localizeentry,d#hash_6bad69e3dbe61c75
localizeentry,#hash_6bd8bb04c57868ff
localizeentry,#menu/equip
localizeentry,d#hash_6bfa2c4bfa402ba4
localizeentry,d#hash_6bfa2e4bfa402f0a
localizeentry,d#hash_6bfa2f4bfa4030bd
localizeentry,#hash_6c1d1d888c9b0714
localizeentry,d#hash_6c1e82cce2e2763e
localizeentry,d#hash_6c444da206823f9c
localizeentry,d#weapon/tr_leveraction_t8
localizeentry,#hash_6c798dfb886f96a4
localizeentry,d#hash_6c7cf85b494507e4
localizeentry,#hash_6c89cfd6fd4c3214
localizeentry,d#hash_6c8d7834e1591a50
localizeentry,#hash_6c99a1c14d2f0b13
localizeentry,d#weapon/smg_accurate_t8_operator
localizeentry,d#hash_6cbb386915a48254
localizeentry,d#hash_6cbb3a6915a485ba
localizeentry,d#hash_6cbb3b6915a4876d
localizeentry,#hash_6cbc1b6252c70ee6
localizeentry,d#weapon/uber_sentrygrip_desc
localizeentry,d#hash_6cd6a4539ef0bdfe
localizeentry,d#hash_6ce2d2d0433b2f99
localizeentry,d#heroes/recon
localizeentry,d#hash_6cf08124b904173f
localizeentry,#hash_6cffc6656e99316e
localizeentry,d#hash_6d0957aaf1d8f1b3
localizeentry,d#hash_6d0958aaf1d8f366
localizeentry,d#hash_6d0959aaf1d8f519
localizeentry,d#menu/select
localizeentry,#hash_6d0c15c50ea1e609
localizeentry,d#weapon/tr_midburst_t8
localizeentry,#hash_6d2838b2dbaf9e27
localizeentry,d#hash_6d33b76fbaf4a8d6
localizeentry,d#hash_6d7ba430a5cb0d6d
localizeentry,#hash_6d806763ad7c0609
localizeentry,d#mpui/camo_wmd
localizeentry,#menu/charm_crab
localizeentry,d#hash_6dd111c07016dc4f
localizeentry,d#hash_6def2864720e4f9c
localizeentry,d#hash_6def2b64720e54b5
localizeentry,#hash_6df923c238938c67
localizeentry,d#hash_6e10ffacdc047919
localizeentry,d#hash_6e155a8da74ae1b6
localizeentry,#hash_6e278f233aa4af71
localizeentry,d#hash_6e29221b4b2bf846
localizeentry,d#killstreak/dart_desc
localizeentry,d#hash_6e2fd7423cbe42b0
localizeentry,d#hash_6e3576ba80c5994d
localizeentry,#menu/charm_zombie_saletag
localizeentry,d#hash_6e585de4c6f504f4
localizeentry,d#weapon/melee_zombiearm_t8_desc
localizeentry,d#hash_6e70cf292d78e580
localizeentry,#hash_6e774fd32218a087
localizeentry,d#hash_6e79924b16830387
localizeentry,#hash_6e8139d32220cfaa
localizeentry,d#hash_6e86b49d6d5196af
localizeentry,d#hash_6ed6f16e719818bc
localizeentry,#hash_6ee1aa243be31b4a
localizeentry,d#hash_6f2e2cdb2bd93117
localizeentry,d#heroes/misty
localizeentry,#hash_6f747fe028443016
localizeentry,d#hash_6fab528dbc24a3f6
localizeentry,#hash_6fb4810757de90bb
localizeentry,#hash_6fb4820757de926e
localizeentry,d#hash_6fbddd3067e374d5
localizeentry,#hash_6fc8012ad54d50c7
localizeentry,d#hash_6fd43ba0b9702757
localizeentry,d#mpui/rangefinder
localizeentry,d#weapon/pistol_revolver_t8_operator_desc
localizeentry,d#weapon/sniper_fastrechamber_t8_operator
localizeentry,d#mpui/stabilizer
localizeentry,#hash_70203737a19f4e10
localizeentry,d#hash_702ef2100139bf3f
localizeentry,#hash_704d67800320a204
localizeentry,#hash_706eea0f1a033965
localizeentry,d#hash_707cd11f30f7d0d9
localizeentry,d#hash_7085044e7b80d5a3
localizeentry,d#hash_7089cf18edf6c952
localizeentry,#hash_7094ca55fb6cff19
localizeentry,d#hash_709fb6b7fdde6aa8
localizeentry,#hash_70a60065874b2140
localizeentry,#hash_70b6e3d8673f01ed
localizeentry,d#hash_70b9723e40288f9d
localizeentry,#hash_70bb3626628d98b9
localizeentry,#hash_70bd2ab55abf4ecf
localizeentry,d#hash_70cfbdea2c6374c7
localizeentry,#hash_70eee7cb878b0b3d
localizeentry,#hash_70fad81d94449e91
localizeentry,d#hash_7111e17e298c3783
localizeentry,d#hash_711e01fdec193fa1
localizeentry,d#hash_714cce81de873f11
localizeentry,d#mpui/acog
localizeentry,d#hash_7169341cb92c0612
localizeentry,d#weapon/pistol_fullauto_t8
localizeentry,d#hash_7179662091387b23
localizeentry,d#hash_7179672091387cd6
localizeentry,d#hash_7179682091387e89
localizeentry,#hash_717f100f5b75e648
localizeentry,d#hash_7183f03ef42e797e
localizeentry,d#hash_7185ff0225c87e12
localizeentry,d#hash_719602602731788e
localizeentry,d#mpui/damage2
localizeentry,d#hash_71a9db9ee81b9de9
localizeentry,d#hash_71b7ae92005e2fff
localizeentry,d#hash_71bf3704c3ae5a0e
localizeentry,#hash_71c98f1887f1b6c5
localizeentry,d#hash_71cbaf59752af9db
localizeentry,d#weapon/pistol_standard_t8
localizeentry,d#hash_71e5c0cfaafbf56f
localizeentry,#hash_71ee2dd846c953ee
localizeentry,#hash_71ee2ed846c955a1
localizeentry,#hash_71ee30d846c95907
localizeentry,#hash_71f5a4b28e790da2
localizeentry,#hash_71fac5aa63ddc4ab
localizeentry,d#weapon/smg_folding_t8_desc
localizeentry,#hash_7205d4effffcffca
localizeentry,#hash_7213e97e8741719d
localizeentry,#hash_7218adea7e568c12
localizeentry,#hash_721fdfaa63fd0d16
localizeentry,#menu/charm_toilet
localizeentry,d#heroes/trapper
localizeentry,#hash_72641978fd3dc17a
localizeentry,d#hash_7264fd6ff10081ac
localizeentry,d#hash_7264fe6ff100835f
localizeentry,d#hash_7264ff6ff1008512
localizeentry,#hash_7269b8a7718be398
localizeentry,d#hash_726c3a54092e5738
localizeentry,d#hash_726c3c54092e5a9e
localizeentry,d#hash_726c3d54092e5c51
localizeentry,d#hash_726c3e54092e5e04
localizeentry,d#hash_726c3f54092e5fb7
localizeentry,d#hash_726c4154092e631d
localizeentry,d#hash_727601b6cb7e4a46
localizeentry,d#hash_727c9de8057d6d50
localizeentry,#hash_7280cf21dcaf1f18
localizeentry,#demo/object_link_mode
localizeentry,d#hash_729c99e33d1c9275
localizeentry,#hash_72c2121ef267ca59
localizeentry,#hash_72c31f7cc245990e
localizeentry,#hash_72cd54745fd03ac3
localizeentry,#hash_72cd55745fd03c76
localizeentry,d#warzone/using
localizeentry,d#weapon/melee_demohammer_t8
localizeentry,d#weapon/smg_mp40
localizeentry,d#hash_7315e78b5584575c
localizeentry,#hash_73524f3946846790
localizeentry,d#wz/mason
localizeentry,d#hash_7355664ddafb3787
localizeentry,d#hash_735a30b98916fe80
localizeentry,d#hash_7374d810b610a74f
localizeentry,#hash_7382718d1bea375c
localizeentry,d#warzone/equip
localizeentry,d#mp/match_starting
localizeentry,#hash_73c4eec8614f780f
localizeentry,d#hash_73c99de12f68143c
localizeentry,d#hash_73cc5f13bc30a489
localizeentry,d#hash_73ec5462fda02702
localizeentry,d#wz/menendez
localizeentry,d#weapon/hero_annihilator
localizeentry,#hash_74317d78e306ef0a
localizeentry,d#hash_744b54572cb08b40
localizeentry,d#hash_744b57572cb09059
localizeentry,d#weapon/concertina_wire
localizeentry,d#hash_746b5a4a4e88274b
localizeentry,#hash_746c4156ce2cda74
localizeentry,d#hash_746ff887bb7447f6
localizeentry,#hash_747054018b2d44d0
localizeentry,#hash_7470b2f1c3bde7f4
localizeentry,#hash_747ec12e7417444e
localizeentry,#hash_7482d5637b0709ac
localizeentry,#hash_7493d456682cda2d
localizeentry,d#hash_74949c76508e944f
localizeentry,d#hash_74949d76508e9602
localizeentry,d#hash_74978fc95bfb2bfd
localizeentry,d#hash_749d5a2db19a96cb
localizeentry,d#hash_749d83018b785dbf
localizeentry,d#weapon/hatchet
localizeentry,#wz/redeploy
localizeentry,d#mpui/stalker_desc
localizeentry,d#hash_74d5d02b5cb16277
localizeentry,#hash_750100d161c4d583
localizeentry,d#weapon/ar_stealth_t8_wz_desc
localizeentry,d#hash_752123a8d6a6d326
localizeentry,d#hash_7534921ea3f6a183
localizeentry,d#hash_754d00e2dd2717aa
localizeentry,d#hash_7562db33708b09f0
localizeentry,d#hash_7564cce16f4274f6
localizeentry,d#weapon/sniper_quickscope_t8
localizeentry,d#hash_7578e8a4d9a21641
localizeentry,d#weapon/hero_flamethrower
localizeentry,d#mpui/damage
localizeentry,d#hash_758d93baadbc199d
localizeentry,d#wz/attach_fastmag
localizeentry,d#hash_75910f89d3c7bccc
localizeentry,#menu/charm_junogotchi
localizeentry,#hash_759812214dcf8e53
localizeentry,d#hash_759ae43974604bd1
localizeentry,d#heroes/battery
localizeentry,d#hash_75c1c72658bffa1f
localizeentry,d#hash_75c36a6b651e7775
localizeentry,d#heroes/reaper_bo3
localizeentry,d#hash_75d28fb319a7c1e8
localizeentry,#hash_75f062f5aeaaa492
localizeentry,d#hash_75f4748eff6544f4
localizeentry,d#hash_75fcbf4af5ba2b2e
localizeentry,#hash_7602f8411e91a98f
localizeentry,#hash_762124cda5e8f0d0
localizeentry,#hash_762125cda5e8f283
localizeentry,#hash_762126cda5e8f436
localizeentry,#hash_762c9dc85d0a4ffa
localizeentry,d#hash_7645db46e9fdd615
localizeentry,d#mpui/camo_ash
localizeentry,d#hash_76801161d67ae0f5
localizeentry,d#hash_768c5aeecc2d7cc4
localizeentry,d#hash_7694f5161e9e4a3d
localizeentry,d#hash_769b33beaf0ec965
localizeentry,d#hash_76b0aa0a6a3c2dc6
localizeentry,#hash_76b39c94b6f50858
localizeentry,#hash_76c43ad61eb5ec33
localizeentry,d#hash_76e80415ea30232f
localizeentry,d#hash_76e80515ea3024e2
localizeentry,d#hash_76e80615ea302695
localizeentry,d#hash_76ef1f50f23a99e9
localizeentry,#hash_76ef9d69c4b43d8a
localizeentry,#hash_76fcfde15697b302
localizeentry,d#weapon/uber_firingunit_desc
localizeentry,d#mpui/grip2_desc
localizeentry,d#weapon/lmg_stealth_t8
localizeentry,d#hash_7725a43a5e8755ad
localizeentry,d#hash_772be63c8b3143b0
localizeentry,d#hash_7733a111861d14d9
localizeentry,d#hash_774a850bb51691fb
localizeentry,#hash_774b0440e4e3b60b
localizeentry,#hash_774f45bcde2b3c58
localizeentry,d#hash_7757127cca530b10
localizeentry,d#hash_7757157cca531029
localizeentry,#hash_77701e40e502fe76
localizeentry,#hash_777414243131336f
localizeentry,d#hash_778d439e1b360368
localizeentry,#hash_7790feb7e7d5e7b4
localizeentry,#hash_7793b727a6a89304
localizeentry,d#hash_7797705814da63f5
localizeentry,d#mp/plus
localizeentry,d#weapon/sniper_fastrechamber_t8_operator_desc
localizeentry,d#hash_77b475bc5a7f3f46
localizeentry,#hash_77c57e3de2c98f7c
localizeentry,d#hash_77dce7635423ba68
localizeentry,d#hash_77e7311dc74dccf5
localizeentry,#wz/reward
localizeentry,d#hash_77f9d83f9e77c0d3
localizeentry,d#hash_7800cbd9308e73c2
localizeentry,d#hash_780aecaed949d35a
localizeentry,#hash_780eae069af8c774
localizeentry,#hash_7811f06542057cec
localizeentry,d#hash_78157925be50b206
localizeentry,d#hash_7820e9155d6e93b8
localizeentry,d#hash_7833cc16d9fa0749
localizeentry,d#hash_783c94cdd7c5587f
localizeentry,d#hash_783c95cdd7c55a32
localizeentry,#mpui/change_class
localizeentry,#hash_7845c8fed7de6b6f
localizeentry,#hash_784898f9a62f37b4
localizeentry,d#mpui/rf_desc
localizeentry,d#hash_786f7ff710556590
localizeentry,#hash_7870c79073d6908f
localizeentry,d#hash_7874ef54a4c582f0
localizeentry,d#hash_7874f154a4c58656
localizeentry,d#hash_7874f254a4c58809
localizeentry,d#hash_7874f454a4c58b6f
localizeentry,d#hash_7884fc27447c3bbb
localizeentry,d#mpui/mk_desc
localizeentry,#hash_78a7c30ec8cc9ba7
localizeentry,#hash_78ae51044520d606
localizeentry,d#hash_78b448d799b46550
localizeentry,#hash_78b965a8bb3fc505
localizeentry,#hash_78bf3a61cf52e257
localizeentry,d#hash_78d753143b405d88
localizeentry,#hash_78e7772dfd9bbdeb
localizeentry,#hash_78e86cc3a7ebb960
localizeentry,#menu/charm_snowglobe
localizeentry,d#hash_7942deec3b5c0824
localizeentry,d#hash_794af19d38243a13
localizeentry,#hash_795b74ed5a4ae78f
localizeentry,d#hash_7963c96532109686
localizeentry,d#hash_7987837b1c5374e8
localizeentry,#hash_799b5d0ce4888821
localizeentry,d#hash_79c04fb2e32b0ccc
localizeentry,d#hash_79d1ce447433a94b
localizeentry,d#hash_79d336e3dd657b0a
localizeentry,d#hash_79fcaa2fa6b85712
localizeentry,d#menu/fury_kill
localizeentry,d#hash_7a326b2ce15b2df9
localizeentry,d#hash_7a33f9e2a8527269
localizeentry,d#hash_7a362b2f128dfc9e
localizeentry,d#weapon/ultimate_turret
localizeentry,d#mpui/speedreloader
localizeentry,#hash_7a45793735d89bb3
localizeentry,#hash_7a55ec7348fc5d58
localizeentry,#hash_7a5614b91f27d6ca
localizeentry,d#mpui/dw_desc
localizeentry,d#hash_7a6d629fd7cdee28
localizeentry,d#hash_7a780871028530f5
localizeentry,d#hash_7a899f8fa9163c6e
localizeentry,d#hash_7a9e949a1ed5792d
localizeentry,d#zmweapon/blundergat
localizeentry,d#hash_7aea0616c48332df
localizeentry,d#hash_7af1557d1e34c41b
localizeentry,d#hash_7af1567d1e34c5ce
localizeentry,d#hash_7af1577d1e34c781
localizeentry,#hash_7af729b503010bca
localizeentry,#hash_7af772b1b1a98489
localizeentry,d#mpui/rangefinder_desc
localizeentry,d#heroes/reaper
localizeentry,#hash_7b4c84d5307fea60
localizeentry,#hash_7b686f3eea03cb1b
localizeentry,#hash_7b68703eea03ccce
localizeentry,#hash_7b68713eea03ce81
localizeentry,#hash_7b859841234ac56b
localizeentry,#hash_7b873f9729e69560
localizeentry,#hash_7ba5cee192e14a3c
localizeentry,d#hash_7bb31f180eab141c
localizeentry,d#hash_7bbb51539d7fc4cf
localizeentry,d#hash_7bbe615a9a441e5f
localizeentry,d#hash_7bcb633125319111
localizeentry,#hash_7bd072a77ae45a14
localizeentry,d#hash_7bd12ab182ba6840
localizeentry,d#hash_7bd12cb182ba6ba6
localizeentry,d#hash_7bd12db182ba6d59
localizeentry,#hash_7bef4ca77afeca11
localizeentry,d#weapon/smg_folding_t8
localizeentry,d#hash_7bf8bcf55e2bd26e
localizeentry,d#hash_7c0016c0e8f12a1d
localizeentry,#hash_7c247d7ec67112e2
localizeentry,d#menu/completed
localizeentry,d#menu/cancel
localizeentry,#hash_7c3e29081049a8f9
localizeentry,d#warzone/collapse_grenade
localizeentry,d#hash_7c6a34f16beea931
localizeentry,#hash_7c8d5872c7601994
localizeentry,d#hash_7c90a430a330e85f
localizeentry,d#hash_7c9101e19dfccce5
localizeentry,#hash_7c985cba47878b1c
localizeentry,#hash_7ca07ba7e2400b51
localizeentry,#menu/charm_monty_bar
localizeentry,d#hash_7cc1e77be126442f
localizeentry,d#mpui/mms
localizeentry,#hash_7cd9448cc084d5d5
localizeentry,d#hash_7cfd8e611696a5fe
localizeentry,d#hash_7d11faeaebe2633e
localizeentry,#hash_7d14bfac3a35dccf
localizeentry,d#hash_7d2030f74798208f
localizeentry,#hash_7d2a9602a619d67b
localizeentry,d#hash_7d2f2230b3bb9ee5
localizeentry,d#hash_7d39826aba9ae04a
localizeentry,d#hash_7d3c5dc68217337a
localizeentry,d#hash_7d3e69af1a992cec
localizeentry,d#hash_7d438e3fdf01c4dd
localizeentry,d#hash_7d4c19fb8173c5ee
localizeentry,#hash_7d52b52ef950d3ef
localizeentry,d#hash_7d6a20404fbb0564
localizeentry,#hash_7d7c9864e22e30b9
localizeentry,#hash_7d9704e3b0507957
localizeentry,d#weapon/lmg_stealth_t8_operator_desc
localizeentry,d#hash_7db2a66c408c59e0
localizeentry,d#mpui/camo_woodlums
localizeentry,d#weapon/hawk
localizeentry,d#hash_7dcf96f7c666feb3
localizeentry,#hash_7dd5565f2b354f84
localizeentry,d#weapon/smg_minigun_t8
localizeentry,d#hash_7df18b5276f84ca6
localizeentry,d#hash_7e07c685b25acdfd
localizeentry,#hash_7e1298eb7524aeb9
localizeentry,d#hash_7e23381760827c18
localizeentry,d#hash_7e23391760827dcb
localizeentry,d#hash_7e233a1760827f7e
localizeentry,d#hash_7e233d1760828497
localizeentry,d#hash_7e233e176082864a
localizeentry,d#hash_7e233f17608287fd
localizeentry,d#hash_7e31505384e0837a
localizeentry,d#mpui/tacknife_desc
localizeentry,d#hash_7e6ea41ef4c9afe6
localizeentry,d#hash_7e76e2108b7fa967
localizeentry,#hash_7e83473cea04bd5b
localizeentry,d#hash_7e9af6f6a3d83fe7
localizeentry,d#hash_7ead725d5f344dba
localizeentry,#hash_7eb404829d5dd8c8
localizeentry,#hash_7eb7924020c15d17
localizeentry,#demo/lighter_mode
localizeentry,d#hash_7ec654d28300fddd
localizeentry,#hash_7ede476a5bd7ab24
localizeentry,d#hash_7edf9c45858b1e3d
localizeentry,d#hash_7ee42cc3497825b0
localizeentry,d#hash_7ee439d162567c89
localizeentry,d#weapon/ar_damage_t8_wz_desc
localizeentry,d#hash_7f0f4ca0a9725dca
localizeentry,d#hash_7f209924bc0a8d04
localizeentry,d#hash_7f2988d02ebdf4ad
localizeentry,d#weapon/tr_powersemi_t8_operator_desc
localizeentry,d#weapon/smg_fastburst_t8
localizeentry,d#hash_7f462c1a2218459f
localizeentry,#hash_7f51e6df74609e29
localizeentry,#hash_7f661aa9bdeb2cae
localizeentry,d#hash_7f802fe61568e12f
localizeentry,d#hash_7fa50621f0b0c0f1
localizeentry,d#hash_7fa56beccfd3b401
localizeentry,d#wz/trejo
localizeentry,d#hash_7fc535d42eb00c97
localizeentry,d#hash_7fd496c4cf9ec713
localizeentry,d#heroes/blackjack_bo4
keyvaluepairs,#ja_wz_common
ttf,d#hash_1459f17f5b5ffefe
ttf,d#hash_410b483cf72f16f2
ttf,d#hash_413a9dcb2b171ceb
ttf,d#hash_613b31a5842e8426
ttf,d#default
ttf,d#hash_70b575c9cf218b88
material,#headiconyouinkillcam
