#decal,0,0,#ui_icon_emblems_circle_full,&#em/whole_circle,#symbol,0.35,#,#,#,#,#,#
#decal,1,1,#ui_icon_emblems_circle_outline,&#em/circle_outline,#symbol,0.35,#,#,#,#,#,#
#decal,2,2,#ui_icon_emblems_half_circle_outline,&#em/arc,#symbol,0.35,#,#,#,#,#,#
#decal,3,3,#ui_icon_emblems_macaroni,&#em/macaroni,#symbol,0.35,#,#,#,#,#,#
#decal,4,4,#ui_icon_emblems_crest,&#em/crest,#symbol,0.35,#,#,#,#,#,#
#decal,5,5,#ui_icon_emblems_square_full,&#em/whole_square,#symbol,0.35,#,#,#,#,#,#
#decal,6,6,#ui_icon_emblems_square_outline,&#em/square_outline,#symbol,0.35,#,#,#,#,#,#
#decal,7,7,#ui_icon_emblems_half_square_outline,&#em/bracket,#symbol,0.35,#,#,#,#,#,#
#decal,8,8,#ui_icon_emblems_corner,&#em/corner,#symbol,0.35,#,#,#,#,#,#
#decal,9,9,#ui_icon_emblems_ping,&#em/ping,#symbol,0.35,#,#,#,#,#,#
#decal,10,10,#ui_icon_emblems_slice,&#em/quarter_slice,#symbol,0.35,#,#,#,#,#,#
#decal,11,11,#ui_icon_emblems_half_circle,&#em/half_full,#symbol,0.35,#,#,#,#,#,#
#decal,12,12,#ui_icon_emblems_sharp,&#em/sharp,#symbol,0.35,#,#,#,#,#,#
#decal,13,13,#ui_icon_emblems_fin,&#em/fin,#symbol,0.35,#,#,#,#,#,#
#decal,14,14,#ui_icon_emblems_moon,&#em/moon,#symbol,0.35,#,#,#,#,#,#
#decal,15,15,#ui_icon_emblems_diamond,&#em/rhombus,#symbol,0.35,#,#,#,#,#,#
#decal,16,16,#ui_icon_emblems_eq_triangle,&#em/equilateral,#symbol,0.35,#,#,#,#,#,#
#decal,17,17,#ui_icon_emblems_ninety,&#em/right_angle,#symbol,0.35,#,#,#,#,#,#
#decal,18,18,#ui_icon_emblems_trapezoid,&#em/trapezoid,#symbol,0.35,#,#,#,#,#,#
#decal,19,19,#ui_icon_emblems_parallelogram,&#em/parallelogram,#symbol,0.35,#,#,#,#,#,#
#decal,20,20,#ui_icon_emblems_pentagon,&#em/pentagon,#symbol,0.35,#,#,#,#,#,#
#decal,21,21,#ui_icon_emblems_hexagon,&#em/hexagon,#symbol,0.35,#,#,#,#,#,#
#decal,22,22,#ui_icon_emblems_octagon,&#em/octagon,#symbol,0.35,#,#,#,#,#,#
#decal,23,23,#ui_icon_emblems_rounded_square,&#em/rounded_square,#symbol,0.35,#,#,#,#,#,#
#decal,24,24,#ui_icon_emblems_rounded_triangle,&#em/rounded_triangle,#symbol,0.35,#,#,#,#,#,#
#decal,25,25,#ui_icon_emblems_7_star,&#em/heptagram,#symbol,0.35,#,#,#,#,#,#
#decal,26,26,#ui_icon_emblems_6_star,&#em/hexagram,#symbol,0.35,#,#,#,#,#,#
#decal,27,27,#ui_icon_emblems_5_star,&#em/classic_star,#symbol,0.35,#,#,#,#,#,#
#decal,28,28,#ui_icon_emblems_4_star,&#em/twinkle,#symbol,0.35,#,#,#,#,#,#
#decal,29,29,#ui_icon_emblems_3_star,&#em/caltrop,#symbol,0.35,#,#,#,#,#,#
#decal,30,30,#ui_icon_emblems_6_round_star,&#em/hex_cap,#symbol,0.35,#,#,#,#,#,#
#decal,31,31,#ui_icon_emblems_5_round_star,&#em/penta_cap,#symbol,0.35,#,#,#,#,#,#
#decal,32,32,#ui_icon_emblems_4_round_star,&#em/quad_cap,#symbol,0.35,#,#,#,#,#,#
#decal,33,33,#ui_icon_emblems_3_round_star,&#em/tri_cap,#symbol,0.35,#,#,#,#,#,#
#decal,34,34,#hash_623bc51cc5d0d7c4,&#em/kidney,#symbol,0.35,#,#,#,#,#,#
#decal,35,35,#ui_icon_emblems_socket,&#em/socket,#symbol,0.35,#,#,#,#,#,#
#decal,36,36,#ui_icon_emblems_shades,&#em/shades,#symbol,0.35,#,#,#,#,#,#
#decal,37,37,#ui_icon_emblems_cheek,&#em/cheek,#symbol,0.35,#,#,#,#,#,#
#decal,38,38,#ui_icon_emblems_egg,&#em/egg,#symbol,0.35,#,#,#,#,#,#
#decal,39,39,#ui_icon_emblems_droplet,&#em/droplet,#symbol,0.35,#,#,#,#,#,#
#decal,40,40,#ui_icon_emblems_shield_01,&#hash_4b8facaab8e0976c,#backgrounds,0.35,#,#,#,#,#,#
#decal,41,41,#ui_icon_emblems_shield_02,&#hash_26fd6d4e26a0958,#backgrounds,0.35,#,#,#,#,#,#
#decal,42,42,#ui_icon_emblems_shield_03,&#em/gemstone,#backgrounds,0.35,#,#,#,#,#,#
#decal,43,43,#ui_icon_emblems_shield_04,&#hash_68e53cd525f5a94b,#backgrounds,0.35,#,#,#,#,#,#
#decal,44,44,#ui_icon_emblems_shield_05,&#hash_4d347ff380769637,#backgrounds,0.35,#,#,#,#,#,#
#decal,45,45,#ui_icon_emblems_shield_06,&#em/winged,#backgrounds,0.35,#,#,#,#,#,#
#decal,46,46,#ui_icon_emblems_shield_07,&#hash_39502cd89ef1532b,#backgrounds,0.35,#,#,#,#,#,#
#decal,47,47,#ui_icon_emblems_shield_08,&#em/coffin,#backgrounds,0.35,#,#,#,#,#,#
#decal,48,48,#ui_icon_emblems_shield_09,&#hash_2b81bd86538e0d99,#backgrounds,0.35,#,#,#,#,#,#
#decal,49,49,#ui_icon_emblems_shield_10,&#em/compass_arrow,#backgrounds,0.35,#,#,#,#,#,#
#decal,50,50,#ui_icon_emblems_shield_11,&#hash_1d8d3de635b6bd94,#backgrounds,0.35,#,#,#,#,#,#
#decal,51,51,#ui_icon_emblems_capsule,&#em/capsule,#symbol,0.35,#,#,#,#,#,#
#decal,52,52,#ui_icon_emblems_shield_13,&#em/missile,#backgrounds,0.35,#,#,#,#,#,#
#decal,53,53,#ui_icon_emblems_shield_14,&#em/vase,#backgrounds,0.35,#,#,#,#,#,#
#decal,54,54,#ui_icon_emblems_shield_15,&#hash_74fdb8ae94842eb2,#backgrounds,0.35,#,#,#,#,#,#
#decal,55,55,#ui_icon_emblems_shield_16,&#em/concave,#backgrounds,0.35,#,#,#,#,#,#
#decal,56,56,#ui_icon_emblems_shield_17,&#em/gourd,#backgrounds,0.35,#,#,#,#,#,#
#decal,57,57,#ui_icon_emblems_shield_18,&#em/obelisk,#backgrounds,0.35,#,#,#,#,#,#
#decal,58,58,#ui_icon_emblems_shield_19,&#em/token,#backgrounds,0.35,#,#,#,#,#,#
#decal,59,59,#ui_icon_emblems_shield_20,&#em/marked,#backgrounds,0.35,#,#,#,#,#,#
#decal,60,60,#ui_icon_emblems_shield_21,&#em/rorshach,#backgrounds,0.35,#,#,#,#,#,#
#decal,61,61,#ui_icon_emblems_shield_22,&#em/ions,#backgrounds,0.35,#,#,#,#,#,#
#decal,62,62,#ui_icon_emblems_shield_23,&#em/crypt,#backgrounds,0.35,#,#,#,#,#,#
#decal,63,63,#ui_icon_emblems_shield_24,&#em/signet,#backgrounds,0.35,#,#,#,#,#,#
#decal,64,64,#ui_icon_emblems_shield_25,&#em/framed,#backgrounds,0.35,#,#,#,#,#,#
#decal,65,65,#ui_icon_emblems_shield_26,&#em/pinpoint,#backgrounds,0.35,#,#,#,#,#,#
#decal,66,66,#ui_icon_emblems_shield_27,&#hash_1ff61396ab55da46,#backgrounds,0.35,#,#,#,#,#,#
#decal,67,67,#ui_icon_emblems_shield_28,&#hash_283ae55ae977c85e,#backgrounds,0.35,#,#,#,#,#,#
#decal,68,68,#ui_icon_emblems_shield_29,&#em/cardinal,#backgrounds,0.35,#,#,#,#,#,#
#decal,69,69,#ui_icon_emblems_shield_30,&#hash_4dcc551bd0251ad0,#backgrounds,0.35,#,#,#,#,#,#
#decal,70,70,#ui_icon_emblems_shield_31,&#hash_44fa485473071df7,#backgrounds,0.35,#,#,#,#,#,#
#decal,71,71,#ui_icon_emblems_shield_32,&#em/blowfish,#backgrounds,0.35,#,#,#,#,#,#
#decal,72,72,#ui_icon_emblems_shield_33,&#em/gobbler,#backgrounds,0.35,#,#,#,#,#,#
#decal,73,73,#ui_icon_emblems_shield_34,&#em/venn,#backgrounds,0.35,#,#,#,#,#,#
#decal,74,74,#ui_icon_emblems_shield_35,&#em/wave,#backgrounds,0.35,#,#,#,#,#,#
#decal,75,75,#ui_icon_emblems_shield_36,&#em/cell,#backgrounds,0.35,#,#,#,#,#,#
#decal,76,76,#ui_icon_emblems_shield_37,&#em/honeycomb,#backgrounds,0.35,#,#,#,#,#,#
#decal,77,77,#ui_icon_emblems_shield_38,&#hash_71425204e8c5f260,#backgrounds,0.35,#,#,#,#,#,#
#decal,78,78,#ui_icon_emblems_shield_39,&#em/maze,#backgrounds,0.35,#,#,#,#,#,#
#decal,79,79,#ui_icon_emblems_shield_40,&#em/cylinder,#backgrounds,0.35,#,#,#,#,#,#
#decal,80,80,#em_shape_odd_020,&#em/half_column,#symbol,0.35,#,#,#,#,#,#
#decal,81,81,#em_shape_odd_025,&#em/swoop,#symbol,0.35,#,#,#,#,#,#
#decal,82,82,#em_shape_odd_010,&#em/loaf,#symbol,0.35,#,#,#,#,#,#
#decal,83,83,#em_shape_odd_031,&#em/kiss,#symbol,0.35,#,#,#,#,#,#
#decal,84,84,#em_shape_odd_018,&#hash_10eab8e5a4fb2d3a,#symbol,0.35,#,#,#,#,#,#
#decal,85,85,#em_shape_odd_002,&#em/tongue,#symbol,0.35,#,#,#,#,#,#
#decal,86,86,#em_shape_star01,&#em/ninja_star,#symbol,0.35,#,#,#,#,#,#
#decal,87,87,#em_shape_odd_019,&#hash_4e94e232efc2acd2,#symbol,0.35,#,#,#,#,#,#
#decal,88,88,#em_shape_odd_024,&#em/mane,#symbol,0.35,#,#,#,#,#,#
#decal,89,89,#em_shape_odd_026,&#em/shield,#symbol,0.35,#,#,#,#,#,#
#decal,90,90,#em_shape_odd_005,&#em/bone,#symbol,0.35,#,#,#,#,#,#
#decal,91,91,#em_shape_odd_004,&#em/visor,#symbol,0.35,#,#,#,#,#,#
#decal,92,92,#em_shape_tube01,&#hash_41b53e69f9755a98,#symbol,0.35,#,#,#,#,#,#
#decal,93,93,#em_shape_odd_027,&#em/paint_splash,#symbol,0.35,#,#,#,#,#,#
#decal,94,94,#em_shape_odd_038,&#em/pillow,#symbol,0.35,#,#,#,#,#,#
#decal,95,95,#em_curvedline_full,&#em/curvedline,#symbol,0.35,#,#,#,#,#,#
#decal,96,96,#em_shape_odd_008,&#em/wind_sock,#symbol,0.35,#,#,#,#,#,#
#decal,97,97,#em_heart_full,&#em/heart,#symbol,0.35,#,#,#,#,#,#
#decal,98,98,#em_star04_full,&#hash_5254efebf96f3f30,#symbol,0.35,#,#,#,#,#,#
#decal,99,99,#em_wotsit_full,&#em/wotsit,#symbol,0.35,#,#,#,#,#,#
#decal,100,100,#em_snake01_full,&#em/snake,#symbol,0.35,#,#,#,#,#,#
#decal,101,101,#em_treyarch_full,&#em/treyarch,#symbol,0.35,#,#,#,#,#,#
#decal,102,102,#em_tdm_merciless,&#hash_20eb5d7c3b630405,#pattern,0.35,#,#,#,#,#,#
#decal,103,103,#em_tdm_ruthless,&#hash_3bee83a72864780a,#pattern,0.35,#,#,#,#,#,#
#decal,104,104,#em_tdm_relentless,&#hash_3be75776e52446b,#pattern,0.35,#,#,#,#,#,#
#decal,105,105,#ui_icon_emblems_sku,&#hash_85027b8d2e5106a,#icon,0.35,#,#,#,#,#,#
#decal,106,106,#ui_icon_emblems_sku_01,&#hash_617803054b1d6e79,#icon,0.35,#,#,#,#,#,#
#decal,107,107,#ui_icon_emblems_sku_02,&#hash_cf9d5caf95106bd,#icon,0.35,#,#,#,#,#,#
#decal,108,108,#ui_icon_emblems_shield_logo,&#hash_766b724810bedef0,#icon,0.35,#,#,#,#,#,#
#decal,109,109,#t7_icon_emblem_decal_digital,&#em/icon_emblem_decal_digital,#pattern,0.35,#,#,#,#,#,#
#decal,110,110,#t7_icon_emblem_decal_bolt,&#em/icon_emblem_decal_bolt,#icon,0.35,#,#,#,#,#,#
#decal,111,111,#t7_icon_emblem_decal_fire,&#em/icon_emblem_decal_fire,#icon,0.35,#,#,#,#,#,#
#decal,112,112,#t7_loot_decal_icon_x1,&#em/t7_loot_decal_icon_x1,#icon,0.35,#,#,#,#,#,#
#decal,113,113,#t7_loot_decal_icon_x2,&#em/t7_loot_decal_icon_x2,#pattern,0.35,#,#,#,#,#,#
#decal,114,114,#t7_loot_decal_icon_x3,&#em/t7_loot_decal_icon_x3,#pattern,0.35,#,#,#,#,#,#
#decal,115,115,#t7_loot_decal_icon_x4,&#em/t7_loot_decal_icon_x4,#icon,0.35,#,#,#,#,#,#
#decal,116,116,#t7_loot_decal_icon_x5,&#em/t7_loot_decal_icon_x5,#icon,0.35,#,#,#,#,#,#
#decal,117,117,#t7_icon_emblem_decal_3,&#em/icon_emblem_decal_3,#pattern,0.35,#,#,#,#,#,#
#decal,118,118,#t7_decal_pattern_digicamo_sm,&#em/t7_decal_pattern_digicamo_sm,#pattern,0.35,#,#,#,#,#,#
#decal,119,119,#t7_decal_pattern_flower,&#em/t7_decal_pattern_flower,#icon,0.35,#,#,#,#,#,#
#decal,120,120,#t7_decal_pattern_flowers,&#em/t7_decal_pattern_flowers,#pattern,0.35,#,#,#,#,#,#
#decal,121,121,#t7_decal_pattern_leopard,&#em/t7_decal_pattern_leopard,#pattern,0.35,#,#,#,#,#,#
#decal,122,122,#t7_decal_pattern_scales,&#em/t7_decal_pattern_scales,#pattern,0.35,#,#,#,#,#,#
#decal,123,123,#t7_decal_pattern_sharp,&#em/t7_decal_pattern_sharp,#pattern,0.35,#,#,#,#,#,#
#decal,124,124,#t7_decal_pattern_spiderweb,&#em/t7_decal_pattern_spiderweb,#pattern,0.35,#,#,#,#,#,#
#decal,125,125,#t7_decal_pattern_starburst,&#em/t7_decal_pattern_starburst,#icon,0.35,#,#,#,#,#,#
#decal,126,126,#t7_decal_pattern_tiger,&#em/t7_decal_pattern_tiger,#pattern,0.35,#,#,#,#,#,#
#decal,127,127,#t7_decal_pattern_warpcheckers,&#em/t7_decal_pattern_warpcheckers,#pattern,0.35,#,#,#,#,#,#
#decal,128,128,#t7_decal_pattern_warpcheckers_center,&#em/t7_decal_pattern_warpcheckers_center,#pattern,0.35,#,#,#,#,#,#
#decal,129,129,#t7_decal_pattern_wavy,&#em/t7_decal_pattern_wavy,#pattern,0.35,#,#,#,#,#,#
#decal,130,130,#t7_icon_emblem_girlhelmet,&#em/icon_emblem_girlhelmet,#icon,0.35,#,#,#,#,#,#
#decal,131,131,#t7_icon_emblem_monster,&#em/icon_emblem_monster,#icon,0.35,#,#,#,#,#,#
#decal,132,132,#t7_icon_emblem_reaper,&#em/icon_emblem_reaper,#icon,0.35,#,#,#,#,#,#
#decal,133,133,#t7_icon_emblem_skullwings,&#em/icon_emblem_skullwings,#icon,0.35,#,#,#,#,#,#
#decal,134,134,#t7_icon_emblem_decal_mech,&#em/icon_emblem_decal_mech,#icon,0.35,#,#,#,#,#,#
#decal,135,135,#t7_loot_decal_black_ops,&#em/t7_loot_decal_black_ops,#icon,0.35,#,#,#,#,#,#
#decal,136,136,#t7_loot_decal_dino_trex,&#em/t7_loot_decal_dino_trex,#icon,0.35,#,#,#,#,#,#
#decal,137,137,#t7_loot_decal_knight,&#em/t7_loot_decal_knight,#icon,0.35,#,#,#,#,#,#
#decal,138,138,#t7_loot_decal_phoenix,&#em/t7_loot_decal_phoenix,#icon,0.35,#,#,#,#,#,#
#decal,139,139,#t7_loot_decal_lion_crest,&#em/t7_loot_decal_lion_crest,#icon,0.35,#,#,#,#,#,#
#decal,140,140,#t7_loot_decal_robber,&#em/t7_loot_decal_robber,#icon,0.35,#,#,#,#,#,#
#decal,141,141,#t7_loot_decal_space_helmet,&#em/t7_loot_decal_space_helmet,#icon,0.35,#,#,#,#,#,#
#decal,142,142,#t7_loot_decal_tiger,&#em/t7_loot_decal_tiger,#icon,0.35,#,#,#,#,#,#
#decal,143,143,#t7_loot_decal_turtle,&#em/t7_loot_decal_turtle,#icon,0.35,#,#,#,#,#,#
#decal,144,144,#t7_decal_icon_trojanhelmet,&#em/t7_decal_icon_trojanhelmet,#icon,0.35,#,#,#,#,#,#
#decal,145,145,#t7_loot_decal_zombie,&#em/t7_loot_decal_zombie,#icon,0.35,#,#,#,#,#,#
#decal,146,146,#t7_loot_decal_zombie_brains,&#em/t7_loot_decal_zombie_brains,#icon,0.35,#,#,#,#,#,#
#decal,147,147,#t7_icon_emblem_robot,&#em/icon_emblem_robot,#icon,0.35,#,#,#,#,#,#
#decal,148,148,#em_crosshair01,&#em/ch_524,#icon,0.35,#,#,#,#,#,#
#decal,149,149,#em_biohazard_full,&#em/biohazard,#icon,0.35,#,#,#,#,#,#
#decal,150,150,#t7_decal_icon_anchor,&#em/t7_decal_icon_anchor,#icon,0.35,#,#,#,#,#,#
#decal,151,151,#t7_decal_icon_eyeball,&#em/t7_decal_icon_eyeball,#icon,0.35,#,#,#,#,#,#
#decal,152,152,#t7_decal_icon_flower,&#em/t7_decal_icon_flower,#icon,0.35,#,#,#,#,#,#
#decal,153,153,#em_tdm_crush_victory,&#hash_56cc29630048a1a,#icon,0.35,#,#,#,#,#,#
#decal,154,154,#em_ctf_crush_victory,&#hash_5a465e8c8f44e6a2,#icon,0.35,#,#,#,#,#,#
#decal,155,155,#em_koth_crush_victory,&#hash_3474cf2b4dd23573,#icon,0.35,#,#,#,#,#,#
#decal,156,156,#em_tdm_savior,&#hash_438f8b5ab64a5946,#icon,0.35,#,#,#,#,#,#
#decal,157,157,#em_old_gun01,&#em/ch_631,#icon,0.35,#,#,#,#,#,#
#decal,158,158,#em_glasses02_full,&#em/ch_636,#icon,0.35,#,#,#,#,#,#
#decal,159,159,#em_say_hello,&#em/ch_639,#icon,0.35,#,#,#,#,#,#
#decal,160,160,#em_tin_star01,&#em/ch_641,#icon,0.35,#,#,#,#,#,#
#decal,161,161,#em_lizard01,&#em/ch_615,#icon,0.35,#,#,#,#,#,#
#decal,162,162,#em_bullet_belt_full,&#em/ch_618,#icon,0.35,#,#,#,#,#,#
#decal,163,163,#em_ha_ha01,&#em/ch_584,#icon,0.35,#,#,#,#,#,#
#decal,164,164,#em_bolt02_full,&#em/ch_588,#icon,0.35,#,#,#,#,#,#
#decal,165,165,#em_football_full,&#em/ch_592,#icon,0.35,#,#,#,#,#,#
#decal,166,166,#em_grim_reaper01,&#em/ch_548,#icon,0.35,#,#,#,#,#,#
#decal,167,167,#em_silverback_full,&#em/ch_527,#icon,0.35,#,#,#,#,#,#
#decal,168,168,#em_dolphin_full,&#em/ch_529,#icon,0.35,#,#,#,#,#,#
#decal,169,169,#em_grenade01,&#em/ch_532,#icon,0.35,#,#,#,#,#,#
#decal,170,170,#em_soldier_back01,&#em/ch_533,#icon,0.35,#,#,#,#,#,#
#decal,171,171,#em_soldier_gunfighter01,&#em/ch_534,#icon,0.35,#,#,#,#,#,#
#decal,172,172,#em_streak_dog_pound,&#em/ch_839,#icon,0.35,#,#,#,#,#,#
#decal,173,173,#em_dog1_full,&#em/ch_909,#icon,0.35,#,#,#,#,#,#
#decal,174,174,#em_thief,&#em/ch_912,#icon,0.35,#,#,#,#,#,#
#decal,175,175,#em_tent01_full,&#em/tent,#icon,0.35,#,#,#,#,#,#
#decal,176,176,#em_ffa_hard_to_kill,&#hash_69889ce9e37127ab,#icon,0.35,#,#,#,#,#,#
#decal,177,177,#t7_icon_emblem_decal_0,&#em/icon_emblem_decal_0,#pattern,0.35,#,#,#,#,#,#
#decal,178,178,#t7_icon_emblem_decal_5,&#em/icon_emblem_decal_5,#pattern,0.35,#,#,#,#,#,#
#decal,179,179,#t7_icon_emblem_decal_6,&#em/icon_emblem_decal_6,#pattern,0.35,#,#,#,#,#,#
#decal,180,180,#em_shape_scribble01,&#em/scribble,#pattern,0.35,#,#,#,#,#,#
#decal,181,181,#t7_decal_pattern_camo_sm,&#em/t7_decal_pattern_camo_sm,#pattern,0.35,#,#,#,#,#,#
#decal,182,182,#t7_decal_pattern_cyber,&#em/t7_decal_pattern_cyber,#pattern,0.35,#,#,#,#,#,#
#decal,183,183,#t7_decal_pattern_digicamo_lrg,&#em/t7_decal_pattern_digicamo_lrg,#pattern,0.35,#,#,#,#,#,#
#decal,184,184,#t7_decal_pattern_oriental,&#em/t7_decal_pattern_oriental,#pattern,0.35,#,#,#,#,#,#
#decal,185,185,#em_splat2_full,&#em/ch_591,#pattern,0.35,#,#,#,#,#,#
#decal,186,186,#em_dem_synch_attack,&#hash_6890af445627ba9a,#icon,0.35,#,#,#,#,#,#
#decal,187,187,#t7_icon_emblem_8,&#em/icon_emblem_8,#icon,0.35,#,#,#,#,#,#
#decal,188,188,#t7_icon_emblem_9,&#em/icon_emblem_9,#icon,0.35,#,#,#,#,#,#
#decal,189,189,#ui_icon_emblems_crosshatch,&#em/crosshatch,#pattern,0.35,#,#,#,#,#,#
#decal,190,190,#ui_icon_emblems_curved_drop,&#em/teardrop,#pattern,0.35,#,#,#,#,#,#
#decal,191,191,#ui_icon_emblems_curved_lines,&#em/curved_lines,#pattern,0.35,#,#,#,#,#,#
#decal,192,192,#ui_icon_emblems_diamond_checker,&#hash_6ef0735a166459a9,#pattern,0.35,#,#,#,#,#,#
#decal,193,193,#ui_icon_emblems_eye_shape,&#em/sight,#symbol,0.35,#,#,#,#,#,#
#decal,194,194,#ui_icon_emblems_fuzzball,&#em/fuzzball,#pattern,0.35,#,#,#,#,#,#
#decal,195,195,#ui_icon_emblems_hair_accent,&#em/accent,#pattern,0.35,#,#,#,#,#,#
#decal,196,196,#ui_icon_emblems_ink_lines,&#em/ink_lines,#pattern,0.35,#,#,#,#,#,#
#decal,197,197,#ui_icon_emblems_marble_center,&#em/marble_center,#symbol,0.35,#,#,#,#,#,#
#decal,198,198,#em_letter_a,&#em/a01,#alphanumeric,0.35,#,#,#,#,#,#
#decal,199,199,#em_letter_b,&#em/b01,#alphanumeric,0.35,#,#,#,#,#,#
#decal,200,200,#em_letter_c,&#em/c01,#alphanumeric,0.35,#,#,#,#,#,#
#decal,201,201,#em_letter_d,&#em/d01,#alphanumeric,0.35,#,#,#,#,#,#
#decal,202,202,#em_letter_e,&#em/e01,#alphanumeric,0.35,#,#,#,#,#,#
#decal,203,203,#em_letter_f,&#em/f01,#alphanumeric,0.35,#,#,#,#,#,#
#decal,204,204,#em_letter_g,&#em/g01,#alphanumeric,0.35,#,#,#,#,#,#
#decal,205,205,#em_letter_h,&#em/h01,#alphanumeric,0.35,#,#,#,#,#,#
#decal,206,206,#em_letter_i,&#em/i01,#alphanumeric,0.35,#,#,#,#,#,#
#decal,207,207,#em_letter_j,&#em/j01,#alphanumeric,0.35,#,#,#,#,#,#
#decal,208,208,#em_letter_k,&#em/k01,#alphanumeric,0.35,#,#,#,#,#,#
#decal,209,209,#em_letter_l,&#em/l01,#alphanumeric,0.35,#,#,#,#,#,#
#decal,210,210,#em_letter_m,&#em/m01,#alphanumeric,0.35,#,#,#,#,#,#
#decal,211,211,#em_letter_n,&#em/n01,#alphanumeric,0.35,#,#,#,#,#,#
#decal,212,212,#em_letter_o,&#em/o01,#alphanumeric,0.35,#,#,#,#,#,#
#decal,213,213,#em_letter_p,&#em/p01,#alphanumeric,0.35,#,#,#,#,#,#
#decal,214,214,#em_letter_q,&#em/q01,#alphanumeric,0.35,#,#,#,#,#,#
#decal,215,215,#em_letter_r,&#em/r01,#alphanumeric,0.35,#,#,#,#,#,#
#decal,216,216,#em_letter_s,&#em/s01,#alphanumeric,0.35,#,#,#,#,#,#
#decal,217,217,#em_letter_t,&#em/t01,#alphanumeric,0.35,#,#,#,#,#,#
#decal,218,218,#em_letter_u,&#em/u01,#alphanumeric,0.35,#,#,#,#,#,#
#decal,219,219,#em_letter_v,&#em/v01,#alphanumeric,0.35,#,#,#,#,#,#
#decal,220,220,#em_letter_w,&#em/w01,#alphanumeric,0.35,#,#,#,#,#,#
#decal,221,221,#em_letter_x,&#em/x01,#alphanumeric,0.35,#,#,#,#,#,#
#decal,222,222,#em_letter_y,&#em/y01,#alphanumeric,0.35,#,#,#,#,#,#
#decal,223,223,#em_letter_z,&#em/z01,#alphanumeric,0.35,#,#,#,#,#,#
#decal,224,224,#em_num_0,&#em/zero,#alphanumeric,0.35,#,#,#,#,#,#
#decal,225,225,#em_num_1,&#em/one,#alphanumeric,0.35,#,#,#,#,#,#
#decal,226,226,#em_num_2,&#em/two,#alphanumeric,0.35,#,#,#,#,#,#
#decal,227,227,#em_num_3,&#em/three,#alphanumeric,0.35,#,#,#,#,#,#
#decal,228,228,#em_num_4,&#em/four,#alphanumeric,0.35,#,#,#,#,#,#
#decal,229,229,#em_num_5,&#em/five,#alphanumeric,0.35,#,#,#,#,#,#
#decal,230,230,#em_num_6,&#em/six,#alphanumeric,0.35,#,#,#,#,#,#
#decal,231,231,#em_num_7,&#em/seven,#alphanumeric,0.35,#,#,#,#,#,#
#decal,232,232,#em_num_8,&#em/eight,#alphanumeric,0.35,#,#,#,#,#,#
#decal,233,233,#em_num_9,&#em/nine,#alphanumeric,0.35,#,#,#,#,#,#
#decal,234,234,#em_asterisk_full,&#em/asterisk_full,#alphanumeric,0.35,#,#,#,#,#,#
#decal,235,235,#ui_icon_emblems_polka,&#hash_430cd4baa46b5ee8,#pattern,0.35,#,#,#,#,#,#
#decal,236,236,#ui_icon_emblems_polka_01,&#hash_267222d317a03344,#pattern,0.35,#,#,#,#,#,#
#decal,237,237,#ui_icon_emblems_retro_lines,&#em/retro_lines,#pattern,0.35,#,#,#,#,#,#
#decal,238,238,#ui_icon_emblems_stache,&#em/stache,#symbol,0.35,#,#,#,#,#,#
#decal,239,239,#ui_icon_emblems_vertical_scratches,&#em/scratched,#pattern,0.35,#,#,#,#,#,#
#decal,240,240,#ui_icon_emblems_vertical_stripes,&#em/barred,#pattern,0.35,#,#,#,#,#,#
#decal,241,241,#ui_icon_emblems_skull_left,&#em/gaze,#icon,0.35,#,#,#,#,#,#
#decal,242,242,#ui_icon_emblems_grunge_01,&#em/splotch,#pattern,0.35,#,#,#,#,#,#
#decal,243,243,#ui_icon_emblems_grunge_02,&#em/squish,#pattern,0.35,#,#,#,#,#,#
#decal,244,244,#ui_icon_emblems_grunge_03,&#em/roadkill,#pattern,0.35,#,#,#,#,#,#
#decal,245,245,#ui_icon_emblems_grunge_04,&#em/shimmer,#pattern,0.35,#,#,#,#,#,#
#decal,246,246,#ui_icon_emblems_grunge_05,&#em/disintegrate,#pattern,0.35,#,#,#,#,#,#
#decal,247,247,#ui_icon_emblems_grunge_06,&#em/microcosm,#pattern,0.35,#,#,#,#,#,#
#decal,248,248,#ui_icon_emblems_splat_01,&#em/goop,#pattern,0.35,#,#,#,#,#,#
#decal,249,249,#ui_icon_emblems_splat_02,&#em/glob,#pattern,0.35,#,#,#,#,#,#
#decal,250,250,#ui_icon_emblems_splat_03,&#em/headshot,#pattern,0.35,#,#,#,#,#,#
#decal,251,251,#ui_icon_emblems_splat_04,&#em/amorphous,#pattern,0.35,#,#,#,#,#,#
#decal,252,252,#ui_icon_emblems_splat_05,&#em/dripping,#pattern,0.35,#,#,#,#,#,#
#decal,253,253,#ui_icon_emblems_splat_06,&#em/blot,#pattern,0.35,#,#,#,#,#,#
#decal,254,254,#ui_icon_emblems_masterkey,&#em/blob,#pattern,0.35,#,#,#,#,#,#
#decal,255,255,#ui_icon_emblems_iris,&#em/iris,#pattern,0.35,#,#,#,#,#,#
#decal,256,256,#ui_icon_emblems_burst,&#em/burst,#pattern,0.35,#,#,#,#,#,#
#decal,257,257,#ui_icon_emblems_halo,&#em/halo,#symbol,0.35,#,#,#,#,#,#
#decal,258,258,#ui_icon_emblems_hitmarker,&#em/hitmarker,#symbol,0.35,#,#,#,#,#,#
#decal,259,259,#ui_icon_emblems_horn_01,&#em/gazelle,#symbol,0.35,#,#,#,#,#,#
#decal,260,260,#ui_icon_emblems_horn_02,&#em/ox,#symbol,0.35,#,#,#,#,#,#
#decal,261,261,#ui_icon_emblems_horn_03,&#em/deer,#symbol,0.35,#,#,#,#,#,#
#decal,262,262,#ui_icon_emblems_horn_04,&#em/rhino,#symbol,0.35,#,#,#,#,#,#
#decal,263,263,#ui_icon_emblems_horn_05,&#em/buffalo,#symbol,0.35,#,#,#,#,#,#
#decal,264,264,#ui_icon_emblems_wing_01,&#hash_567568f666835e34,#symbol,0.35,#,#,#,#,#,#
#decal,265,265,#ui_icon_emblems_wing_02,&#hash_3ee34cceb2a6e8e1,#symbol,0.35,#,#,#,#,#,#
#decal,266,266,#ui_icon_emblems_teeth,&#em/chompers,#symbol,0.35,#,#,#,#,#,#
#decal,267,267,#t7_icon_emblem_ghost,&#em/icon_emblem_ghost,#icon,0.35,#,#,#,#,#,#
#decal,268,268,#t7_icon_emblem_wolf,&#em/icon_emblem_wolf,#icon,0.35,#,#,#,#,#,#
#decal,269,269,#t7_icon_emblem_skullflame,&#em/icon_emblem_skullflame,#icon,0.35,#,#,#,#,#,#
#decal,270,270,#t7_icon_emblem_0,&#em/icon_emblem_0,#icon,0.35,#,#,#,#,#,#
#decal,271,271,#t7_icon_emblem_1,&#em/icon_emblem_1,#icon,0.35,#,#,#,#,#,#
#decal,272,272,#t7_icon_emblem_2,&#em/icon_emblem_2,#icon,0.35,#,#,#,#,#,#
#decal,273,273,#t7_icon_emblem_3,&#em/icon_emblem_3,#icon,0.35,#,#,#,#,#,#
#decal,274,274,#t7_icon_emblem_4,&#em/icon_emblem_4,#icon,0.35,#,#,#,#,#,#
#decal,275,275,#t7_icon_emblem_5,&#em/icon_emblem_5,#icon,0.35,#,#,#,#,#,#
#decal,276,276,#t7_icon_emblem_6,&#em/icon_emblem_6,#icon,0.35,#,#,#,#,#,#
#decal,277,277,#t7_icon_emblem_7,&#em/icon_emblem_7,#icon,0.35,#,#,#,#,#,#
#decal,278,278,#t7_icon_emblem_10,&#em/icon_emblem_10,#icon,0.35,#,#,#,#,#,#
#decal,279,279,#t7_decal_icon_bomb,&#em/t7_decal_icon_bomb,#icon,0.35,#,#,#,#,#,#
#decal,280,280,#t7_decal_icon_bull,&#em/t7_decal_icon_bull,#icon,0.35,#,#,#,#,#,#
#decal,281,281,#t7_decal_icon_fox,&#em/t7_decal_icon_fox,#icon,0.35,#,#,#,#,#,#
#decal,282,282,#t7_decal_icon_shark,&#em/t7_decal_icon_shark,#icon,0.35,#,#,#,#,#,#
#decal,283,283,#t7_decal_icon_zombiehand,&#em/t7_decal_icon_zombiehand,#icon,0.35,#,#,#,#,#,#
#decal,284,284,#t7_icon_emblem_decal_hex,&#em/icon_emblem_decal_hex,#pattern,0.35,#,#,#,#,#,#
#decal,285,285,#t7_loot_decal_bull_smoke,&#em/t7_loot_decal_bull_smoke,#icon,0.35,#,#,#,#,#,#
#decal,286,286,#t7_loot_decal_dragon,&#em/t7_loot_decal_dragon,#icon,0.35,#,#,#,#,#,#
#decal,287,287,#t7_loot_decal_jester,&#em/t7_loot_decal_jester,#icon,0.35,#,#,#,#,#,#
#decal,288,288,#t7_loot_decal_lion,&#em/t7_loot_decal_lion,#icon,0.35,#,#,#,#,#,#
#decal,289,289,#t7_decal_icon_ufo,&#em/t7_decal_icon_ufo,#icon,0.35,#,#,#,#,#,#
#decal,290,290,#t7_decal_icon_gasmask,&#em/t7_decal_icon_gasmask,#icon,0.35,#,#,#,#,#,#
#decal,291,291,#t7_decal_icon_scorpion,&#em/t7_decal_icon_scorpion,#icon,0.35,#,#,#,#,#,#
#decal,292,292,#t7_decal_icon_8bit_monster,&#em/t7_decal_icon_8bit_monster,#icon,0.35,#,#,#,#,#,#
#decal,293,293,#t7_decal_icon_eyeball_monster,&#em/t7_decal_icon_eyeball_monster,#icon,0.35,#,#,#,#,#,#
#decal,294,294,#t7_decal_icon_frog,&#em/t7_decal_icon_frog,#icon,0.35,#,#,#,#,#,#
#decal,295,295,#t7_decal_icon_hornet,&#em/t7_decal_icon_hornet,#icon,0.35,#,#,#,#,#,#
#decal,296,296,#t7_decal_icon_claw,&#em/t7_decal_icon_claw,#icon,0.35,#,#,#,#,#,#
#decal,297,297,#t7_decal_icon_creature,&#em/t7_decal_icon_creature,#icon,0.35,#,#,#,#,#,#
#decal,298,298,#t7_decal_icon_newdragon,&#em/t7_decal_icon_newdragon,#icon,0.35,#,#,#,#,#,#
#decal,299,299,#t7_decal_icon_skullspikes,&#em/t7_decal_icon_skullspikes,#icon,0.35,#,#,#,#,#,#
#decal,300,300,#t7_decal_icon_neweye,&#em/t7_decal_icon_neweye,#icon,0.35,#,#,#,#,#,#
#decal,301,301,#t7_loot_decal_burger,&#em/t7_loot_decal_burger,#icon,0.35,#,#,#,#,#,#
#decal,302,302,#t7_loot_decal_crab,&#em/t7_loot_decal_crab,#icon,0.35,#,#,#,#,#,#
#decal,303,303,#t7_loot_decal_crown,&#em/t7_loot_decal_crown,#icon,0.35,#,#,#,#,#,#
#decal,304,304,#t7_loot_decal_dino_longneck,&#em/t7_loot_decal_dino_longneck,#icon,0.35,#,#,#,#,#,#
#decal,305,305,#t7_loot_decal_fish,&#em/t7_loot_decal_fish,#icon,0.35,#,#,#,#,#,#
#decal,306,306,#t7_loot_decal_flame_head,&#em/t7_loot_decal_flame_head,#icon,0.35,#,#,#,#,#,#
#decal,307,307,#t7_loot_decal_ice_cubes,&#em/t7_loot_decal_ice_cubes,#icon,0.35,#,#,#,#,#,#
#decal,308,308,#t7_loot_decal_pirate,&#em/t7_loot_decal_pirate,#icon,0.35,#,#,#,#,#,#
#decal,309,309,#t7_loot_decal_pixel_face,&#em/t7_loot_decal_pixel_face,#icon,0.35,#,#,#,#,#,#
#decal,310,310,#t7_loot_decal_viking,&#em/t7_loot_decal_viking,#icon,0.35,#,#,#,#,#,#
#decal,311,311,#t7_loot_decal_viking_helmet,&#em/t7_loot_decal_viking_helmet,#icon,0.35,#,#,#,#,#,#
#decal,312,312,#t7_loot_decal_icon_anchor2,&#em/t7_loot_decal_icon_anchor2,#icon,0.35,#,#,#,#,#,#
#decal,313,313,#t7_loot_decal_icon_bat,&#em/t7_loot_decal_icon_bat,#icon,0.35,#,#,#,#,#,#
#decal,314,314,#t7_loot_decal_icon_bear,&#em/t7_loot_decal_icon_bear,#icon,0.35,#,#,#,#,#,#
#decal,315,315,#t7_loot_decal_icon_butterfly,&#em/t7_loot_decal_icon_butterfly,#icon,0.35,#,#,#,#,#,#
#decal,316,316,#t7_loot_decal_icon_crest,&#em/t7_loot_decal_icon_crest,#icon,0.35,#,#,#,#,#,#
#decal,317,317,#t7_loot_decal_icon_croc,&#em/t7_loot_decal_icon_croc,#icon,0.35,#,#,#,#,#,#
#decal,318,318,#t7_loot_decal_icon_crown,&#em/t7_loot_decal_icon_crown,#icon,0.35,#,#,#,#,#,#
#decal,319,319,#t7_loot_decal_icon_deer,&#em/t7_loot_decal_icon_deer,#icon,0.35,#,#,#,#,#,#
#decal,320,320,#t7_loot_decal_icon_dragonfly,&#em/t7_loot_decal_icon_dragonfly,#icon,0.35,#,#,#,#,#,#
#decal,321,321,#t7_loot_decal_icon_duck,&#em/t7_loot_decal_icon_duck,#icon,0.35,#,#,#,#,#,#
#decal,322,322,#t7_loot_decal_icon_eye,&#em/t7_loot_decal_icon_eye,#icon,0.35,#,#,#,#,#,#
#decal,323,323,#t7_loot_decal_icon_lips,&#em/t7_loot_decal_icon_lips,#icon,0.35,#,#,#,#,#,#
#decal,324,324,#t7_loot_decal_icon_lotus,&#em/t7_loot_decal_icon_lotus,#icon,0.35,#,#,#,#,#,#
#decal,325,325,#t7_loot_decal_icon_owl,&#em/t7_loot_decal_icon_owl,#icon,0.35,#,#,#,#,#,#
#decal,326,326,#t7_loot_decal_icon_panther,&#em/t7_loot_decal_icon_panther,#icon,0.35,#,#,#,#,#,#
#decal,327,327,#t7_loot_decal_icon_pharaoh,&#em/t7_loot_decal_icon_pharaoh,#icon,0.35,#,#,#,#,#,#
#decal,328,328,#t7_loot_decal_icon_ram,&#em/t7_loot_decal_icon_ram,#icon,0.35,#,#,#,#,#,#
#decal,329,329,#t7_loot_decal_icon_samurai,&#em/t7_loot_decal_icon_samurai,#icon,0.35,#,#,#,#,#,#
#decal,330,330,#t7_loot_decal_icon_shark2,&#em/t7_loot_decal_icon_shark2,#icon,0.35,#,#,#,#,#,#
#decal,331,331,#t7_loot_decal_icon_snakesword,&#em/t7_loot_decal_icon_snakesword,#icon,0.35,#,#,#,#,#,#
#decal,332,332,#t7_loot_decal_icon_spades,&#em/t7_loot_decal_icon_spades,#icon,0.35,#,#,#,#,#,#
#decal,333,333,#t7_loot_decal_icon_stash,&#em/t7_loot_decal_icon_stash,#icon,0.35,#,#,#,#,#,#
#decal,334,334,#t7_loot_decal_icon_teeth,&#em/t7_loot_decal_icon_teeth,#icon,0.35,#,#,#,#,#,#
#decal,335,335,#t7_loot_decal_icon_unicorn,&#em/t7_loot_decal_icon_unicorn,#icon,0.35,#,#,#,#,#,#
#decal,336,336,#t7_loot_decal_icon_wing,&#em/t7_loot_decal_icon_wing,#icon,0.35,#,#,#,#,#,#
#decal,337,337,#t7_loot_decal_icon_beetle,&#em/t7_loot_decal_icon_beetle,#icon,0.35,#,#,#,#,#,#
#decal,338,338,#t7_loot_decal_icon_bunny,&#em/t7_loot_decal_icon_bunny,#icon,0.35,#,#,#,#,#,#
#decal,339,339,#t7_loot_decal_icon_diamond,&#em/t7_loot_decal_icon_diamond,#icon,0.35,#,#,#,#,#,#
#decal,340,340,#t7_loot_decal_icon_icecream,&#em/t7_loot_decal_icon_icecream,#icon,0.35,#,#,#,#,#,#
#decal,341,341,#t7_loot_decal_icon_joker,&#em/t7_loot_decal_icon_joker,#icon,0.35,#,#,#,#,#,#
#decal,342,342,#t7_loot_decal_icon_king,&#em/t7_loot_decal_icon_king,#icon,0.35,#,#,#,#,#,#
#decal,343,343,#t7_loot_decal_icon_octopus,&#em/t7_loot_decal_icon_octopus,#icon,0.35,#,#,#,#,#,#
#decal,344,344,#t7_loot_decal_icon_panda,&#em/t7_loot_decal_icon_panda,#icon,0.35,#,#,#,#,#,#
#decal,345,345,#t7_loot_decal_icon_queen,&#em/t7_loot_decal_icon_queen,#icon,0.35,#,#,#,#,#,#
#decal,346,346,#t7_loot_decal_icon_rhino,&#em/t7_loot_decal_icon_rhino,#icon,0.35,#,#,#,#,#,#
#decal,347,347,#em_sd_crush_victory,&#hash_514069bc9458fa6d,#icon,0.35,#,#,#,#,#,#
#decal,348,348,#em_dom_crush_victory,&#hash_4e2ca262075c3124,#icon,0.35,#,#,#,#,#,#
#decal,349,349,#em_koth_shutout,&#hash_5a920f90f14c294a,#icon,0.35,#,#,#,#,#,#
#decal,350,350,#em_tdm_triple_kill,&#hash_49c0b98a5889cec8,#icon,0.35,#,#,#,#,#,#
#decal,351,351,#em_ffa_unstoppable,&#hash_63ec09670ff7f6d,#icon,0.35,#,#,#,#,#,#
#decal,352,352,#em_sd_clutch,&#hash_370940e5f28a170,#icon,0.35,#,#,#,#,#,#
#decal,353,353,#em_sd_bomb_protector,&#hash_7acf33eeb38af06c,#icon,0.35,#,#,#,#,#,#
#decal,354,354,#em_feather_duster01,&#em/ch_632,#icon,0.35,#,#,#,#,#,#
#decal,355,355,#em_cleaver01,&#em/ch_633,#icon,0.35,#,#,#,#,#,#
#decal,356,356,#em_lips01_full,&#em/ch_634,#icon,0.35,#,#,#,#,#,#
#decal,357,357,#em_bandage01,&#em/ch_635,#icon,0.35,#,#,#,#,#,#
#decal,358,358,#em_pocketwatch01,&#em/ch_637,#icon,0.35,#,#,#,#,#,#
#decal,359,359,#em_prestige02a_full,&#em/ch_638,#icon,0.35,#,#,#,#,#,#
#decal,360,360,#em_shrunk_head01,&#em/ch_640,#icon,0.35,#,#,#,#,#,#
#decal,361,361,#em_ninja_mask01,&#em/ch_642,#icon,0.35,#,#,#,#,#,#
#decal,362,362,#em_hacker_tool01,&#em/ch_612,#icon,0.35,#,#,#,#,#,#
#decal,363,363,#em_present01_full,&#em/ch_613,#icon,0.35,#,#,#,#,#,#
#decal,364,364,#em_boltcutter01,&#em/ch_614,#icon,0.35,#,#,#,#,#,#
#decal,365,365,#em_flak_jacket01,&#em/ch_619,#icon,0.35,#,#,#,#,#,#
#decal,366,366,#em_phone01,&#em/ch_620,#icon,0.35,#,#,#,#,#,#
#decal,367,367,#em_vulture_full,&#em/ch_586,#icon,0.35,#,#,#,#,#,#
#decal,368,368,#em_skull01_full,&#em/ch_556,#icon,0.35,#,#,#,#,#,#
#decal,369,369,#em_skull04_full,&#em/ch_557,#icon,0.35,#,#,#,#,#,#
#decal,370,370,#em_triple_kill,&#em/ch_558,#icon,0.35,#,#,#,#,#,#
#decal,371,371,#em_car01,&#em/ch_528,#icon,0.35,#,#,#,#,#,#
#decal,372,372,#em_streak_opportunistic,&#em/ch_884,#icon,0.35,#,#,#,#,#,#
#decal,373,373,#em_streak_max_payload,&#em/ch_885,#icon,0.35,#,#,#,#,#,#
#decal,374,374,#em_streak_threat_neutral,&#em/ch_887,#icon,0.35,#,#,#,#,#,#
#decal,375,375,#em_streak_rc_multi_bomber,&#em/ch_889,#icon,0.35,#,#,#,#,#,#
#decal,376,376,#em_streak_focus_fire,&#em/ch_893,#icon,0.35,#,#,#,#,#,#
#decal,377,377,#em_streak_guide_dogs,&#em/ch_895,#icon,0.35,#,#,#,#,#,#
#decal,378,378,#em_streak_hard_counter,&#em/ch_896,#icon,0.35,#,#,#,#,#,#
#decal,379,379,#em_streak_cancelled_out,&#em/ch_898,#icon,0.35,#,#,#,#,#,#
#decal,380,380,#em_streak_support_package,&#em/ch_900,#icon,0.35,#,#,#,#,#,#
#decal,381,381,#em_streak_big_game,&#em/ch_911,#icon,0.35,#,#,#,#,#,#
#decal,382,382,#ui_icon_sticker_default_01,&#hash_3657dc5449dfc1d9,#sticker,0.35,#,#,#,#,#,#
#decal,383,383,#ui_icon_sticker_default_02,&#hash_3657d95449dfbcc0,#defaultsticker,0.35,#,#,#,#,#,#
#decal,384,384,#ui_icon_sticker_default_03,&#hash_3657da5449dfbe73,#defaultsticker,0.35,#,#,#,#,#,#
#decal,386,386,#ui_icon_sticker_default_05,&#hash_3657e05449dfc8a5,#sticker,0.35,#,#,#,#,#,#
#decal,387,387,#ui_icon_sticker_default_06,&#hash_3657dd5449dfc38c,#sticker,0.35,#,#,#,#,#,#
#decal,388,388,#ui_icon_sticker_default_07,&#hash_3657de5449dfc53f,#sticker,0.35,#,#,#,#,#,#
#decal,389,389,#ui_icon_sticker_default_08,&#hash_3657e35449dfcdbe,#sticker,0.35,#,#,#,#,#,#
#decal,390,390,#ui_icon_sticker_default_09,&#hash_3657e45449dfcf71,#sticker,0.35,#,#,#,#,#,#
#decal,391,391,#ui_icon_sticker_default_10,&#hash_365b615449e2d9af,#defaultsticker,0.35,#,#,#,#,#,#
#decal,392,392,#ui_icon_sticker_default_11,&#hash_365b605449e2d7fc,#defaultsticker,0.35,#,#,#,#,#,#
#decal,393,393,#loot_ui_icon_sticker_ajax_muertos_01_large,&#hash_4301e3f0512b48c4,#sticker,0.35,#,#,#,#,#,#
#decal,394,394,#loot_ui_icon_sticker_ajax_muertos_02_large,&#hash_7afae425269b4bec,#sticker,0.35,#,#,#,#,#,#
#decal,395,395,#loot_ui_icon_sticker_ajax_muertos_03_large,&#hash_4301e6f0512b4ddd,#sticker,0.35,#,#,#,#,#,#
#decal,396,396,#loot_ui_icon_sticker_ajax_warrior_01_large,&#hash_6e3815182fd0908b,#sticker,0.35,#,#,#,#,#,#
#decal,397,397,#loot_ui_icon_sticker_ajax_warrior_02_large,&#hash_1352ce8550182eb,#sticker,0.35,#,#,#,#,#,#
#decal,398,398,#loot_ui_icon_sticker_ajax_warrior_03_large,&#hash_1352de85501849e,#sticker,0.35,#,#,#,#,#,#
#decal,399,399,#loot_ui_icon_sticker_battery_muertos_01_large,&#hash_3dc08fe45ff43b59,#sticker,0.35,#,#,#,#,#,#
#decal,400,400,#loot_ui_icon_sticker_battery_muertos_02_large,&#hash_2fa2c514cecf9890,#sticker,0.35,#,#,#,#,#,#
#decal,401,401,#loot_ui_icon_sticker_battery_muertos_03_large,&#hash_2fa2c814cecf9da9,#sticker,0.35,#,#,#,#,#,#
#decal,402,402,#loot_ui_icon_sticker_battery_knight_01,&#hash_aaa5e9113017691,#sticker,0.35,#,#,#,#,#,#
#decal,403,403,#loot_ui_icon_sticker_battery_knight_02,&#hash_aaa5b9113017178,#sticker,0.35,#,#,#,#,#,#
#decal,404,404,#loot_ui_icon_sticker_battery_knight_03,&#hash_aaa5c911301732b,#sticker,0.35,#,#,#,#,#,#
#decal,405,405,#loot_ui_icon_sticker_battery_knight_05,&#hash_1f6686a3112fd1d9,#sticker,0.35,#,#,#,#,#,#
#decal,406,406,#loot_ui_icon_sticker_crash_muertos_01_large,&#hash_4fc5fece78b8b177,#sticker,0.35,#,#,#,#,#,#
#decal,407,407,#loot_ui_icon_sticker_crash_muertos_02_large,&#hash_4972bfdb0659089a,#sticker,0.35,#,#,#,#,#,#
#decal,408,408,#loot_ui_icon_sticker_crash_muertos_03_large,&#hash_4fc5ffce78b8b32a,#sticker,0.35,#,#,#,#,#,#
#decal,409,409,#loot_ui_icon_sticker_firebreak_muertos_01_large,&#hash_65415030a5da196f,#sticker,0.35,#,#,#,#,#,#
#decal,410,410,#loot_ui_icon_sticker_firebreak_muertos_02_large,&#hash_86911421b791b92,#sticker,0.35,#,#,#,#,#,#
#decal,411,411,#loot_ui_icon_sticker_firebreak_muertos_03_large,&#hash_86910421b7919df,#sticker,0.35,#,#,#,#,#,#
#decal,412,412,#loot_ui_icon_sticker_nomad_muertos_01_large,&#hash_435585c654fe2c13,#sticker,0.35,#,#,#,#,#,#
#decal,413,413,#loot_ui_icon_sticker_nomad_muertos_02_large,&#hash_42d5fe95dea07286,#sticker,0.35,#,#,#,#,#,#
#decal,414,414,#loot_ui_icon_sticker_nomad_muertos_03_large,&#hash_42d5fd95dea070d3,#sticker,0.35,#,#,#,#,#,#
#decal,415,415,#loot_ui_icon_sticker_prophet_muertos_01_large,&#hash_66f8080854c79ba4,#sticker,0.35,#,#,#,#,#,#
#decal,416,416,#loot_ui_icon_sticker_prophet_muertos_02_large,&#hash_22570b3d2d1acce5,#sticker,0.35,#,#,#,#,#,#
#decal,417,417,#loot_ui_icon_sticker_prophet_muertos_03_large,&#hash_2257083d2d1ac7cc,#sticker,0.35,#,#,#,#,#,#
#decal,418,418,#loot_ui_icon_sticker_recon_muertos_03,&#hash_4d0eae6fe89b178c,#sticker,0.35,#,#,#,#,#,#
#decal,419,419,#loot_ui_icon_sticker_recon_muertos_04,&#hash_29e76f5e72fcf24f,#sticker,0.35,#,#,#,#,#,#
#decal,420,420,#loot_ui_icon_sticker_recon_warrior_01_large,&#hash_1e950d48b0ec7c7a,#sticker,0.35,#,#,#,#,#,#
#decal,421,421,#loot_ui_icon_sticker_recon_warrior_02_large,&#hash_6b102d59f56f9b0a,#sticker,0.35,#,#,#,#,#,#
#decal,422,422,#loot_ui_icon_sticker_recon_warrior_03_large,&#hash_1e950c48b0ec7ac7,#sticker,0.35,#,#,#,#,#,#
#decal,423,423,#loot_ui_icon_sticker_ruin_muertos_01_large,&#hash_34e07a39e021a3e8,#sticker,0.35,#,#,#,#,#,#
#decal,424,424,#loot_ui_icon_sticker_ruin_muertos_02_large,&#hash_34e07d39e021a901,#sticker,0.35,#,#,#,#,#,#
#decal,425,425,#loot_ui_icon_sticker_ruin_muertos_03_large,&#hash_48c5332cc9381b33,#sticker,0.35,#,#,#,#,#,#
#decal,426,426,#loot_ui_icon_sticker_ruin_warrior_01_large,&#hash_36681ee13888f533,#sticker,0.35,#,#,#,#,#,#
#decal,427,427,#loot_ui_icon_sticker_ruin_warrior_02_large,&#hash_35e896b0c22b39f3,#sticker,0.35,#,#,#,#,#,#
#decal,428,428,#loot_ui_icon_sticker_ruin_warrior_03_large,&#hash_35e895b0c22b3840,#sticker,0.35,#,#,#,#,#,#
#decal,429,429,#loot_ui_icon_sticker_seraph_muertos_01,&#hash_3b938a09bde77e98,#sticker,0.35,#,#,#,#,#,#
#decal,430,430,#loot_ui_icon_sticker_seraph_muertos_02,&#hash_3b938d09bde783b1,#sticker,0.35,#,#,#,#,#,#
#decal,431,431,#loot_ui_icon_sticker_seraph_muertos_03,&#hash_3b938c09bde781fe,#sticker,0.35,#,#,#,#,#,#
#decal,432,432,#loot_ui_icon_sticker_seraph_muertos_04,&#hash_4a1ed1d94f69c7a8,#sticker,0.35,#,#,#,#,#,#
#decal,433,433,#loot_ui_icon_sticker_seraph_muertos_05,&#hash_4a1ed4d94f69ccc1,#sticker,0.35,#,#,#,#,#,#
#decal,434,434,#loot_ui_icon_sticker_seraph_warrior_01,&#hash_5898fda9a59de42b,#sticker,0.35,#,#,#,#,#,#
#decal,435,435,#loot_ui_icon_sticker_seraph_warrior_02,&#hash_5898fea9a59de5de,#sticker,0.35,#,#,#,#,#,#
#decal,436,436,#loot_ui_icon_sticker_seraph_warrior_03,&#hash_5898ffa9a59de791,#sticker,0.35,#,#,#,#,#,#
#decal,437,437,#loot_ui_icon_sticker_torque_muertos_01_large,&#hash_491db77d624102bc,#sticker,0.35,#,#,#,#,#,#
#decal,438,438,#loot_ui_icon_sticker_torque_muertos_02_large,&#hash_709df7adeff1f4c4,#sticker,0.35,#,#,#,#,#,#
#decal,439,439,#loot_ui_icon_sticker_torque_muertos_03_large,&#hash_709df8adeff1f677,#sticker,0.35,#,#,#,#,#,#
#decal,440,440,#loot_ui_icon_sticker_torque_warrior_01_large,&#hash_2e2449e872d70967,#sticker,0.35,#,#,#,#,#,#
#decal,441,441,#loot_ui_icon_sticker_torque_warrior_02_large,&#hash_3dd9a8f59e2f9004,#sticker,0.35,#,#,#,#,#,#
#decal,442,442,#loot_ui_icon_sticker_torque_warrior_03_large,&#hash_2e244ae872d70b1a,#sticker,0.35,#,#,#,#,#,#
#decal,443,443,#loot_ui_icon_stickers_cute_creepy_1_large,&#hash_48bd29691ccc11ba,#stickerset,0.35,#,#,#,#,#,#
#decal,444,444,#loot_ui_icon_stickers_cute_creepy_2_large,&#hash_48bd28691ccc1007,#stickerset,0.35,#,#,#,#,#,#
#decal,445,445,#loot_ui_icon_stickers_cute_creepy_3_large,&#hash_48bd27691ccc0e54,#stickerset,0.35,#,#,#,#,#,#
#decal,446,446,#loot_ui_icon_stickers_cute_creepy_4_large,&#hash_48bd26691ccc0ca1,#stickerset,0.35,#,#,#,#,#,#
#decal,447,447,#loot_ui_icon_stickers_cute_creepy_5_large,&#hash_48bd25691ccc0aee,#stickerset,0.35,#,#,#,#,#,#
#decal,448,448,#loot_ui_icon_stickers_cute_creepy_6_large,&#hash_48bd24691ccc093b,#stickerset,0.35,#,#,#,#,#,#
#decal,449,449,#loot_ui_icon_stickers_monkey_brainy_large,&#hash_6ac86b3244117ce8,#stickerset,0.35,#,#,#,#,#,#
#decal,450,450,#loot_ui_icon_stickers_monkey_crazy_large,&#hash_6ac86e3244118201,#stickerset,0.35,#,#,#,#,#,#
#decal,451,451,#loot_ui_icon_stickers_monkey_cyborg_large,&#hash_6ac86d324411804e,#stickerset,0.35,#,#,#,#,#,#
#decal,452,452,#loot_ui_icon_stickers_monkey_orangutan_large,&#hash_6ac8703244118567,#stickerset,0.35,#,#,#,#,#,#
#decal,453,453,#loot_ui_icon_stickers_monkey_soldier_large,&#hash_6ac86f32441183b4,#stickerset,0.35,#,#,#,#,#,#
#decal,454,454,#loot_ui_icon_stickers_monkey_super_large,&#hash_6ac87232441188cd,#stickerset,0.35,#,#,#,#,#,#
#decal,455,455,#loot_ui_icon_stickers_monsterjunkfood_1_large,&#hash_7a56354bcb12f6f0,#stickerset,0.35,#,#,#,#,#,#
#decal,456,456,#loot_ui_icon_stickers_monsterjunkfood_2_large,&#hash_7a56384bcb12fc09,#stickerset,0.35,#,#,#,#,#,#
#decal,457,457,#loot_ui_icon_stickers_monsterjunkfood_3_large,&#hash_7a56374bcb12fa56,#stickerset,0.35,#,#,#,#,#,#
#decal,458,458,#loot_ui_icon_stickers_monsterjunkfood_4_large,&#hash_7a563a4bcb12ff6f,#stickerset,0.35,#,#,#,#,#,#
#decal,459,459,#loot_ui_icon_stickers_monsterjunkfood_5_large,&#hash_7a56394bcb12fdbc,#stickerset,0.35,#,#,#,#,#,#
#decal,460,460,#loot_ui_icon_stickers_monsterjunkfood_6_large,&#hash_7a563c4bcb1302d5,#stickerset,0.35,#,#,#,#,#,#
#decal,461,461,#loot_ui_icon_stickers_robot_01_large,&#hash_6b0501ee181211e4,#stickerset,0.35,#,#,#,#,#,#
#decal,462,462,#loot_ui_icon_stickers_robot_02_large,&#hash_6b0504ee181216fd,#stickerset,0.35,#,#,#,#,#,#
#decal,463,463,#loot_ui_icon_stickers_robot_03_large,&#hash_6b0503ee1812154a,#stickerset,0.35,#,#,#,#,#,#
#decal,464,464,#loot_ui_icon_stickers_robot_04_large,&#hash_6b04feee18120ccb,#stickerset,0.35,#,#,#,#,#,#
#decal,465,465,#loot_ui_icon_stickers_robot_05_large,&#hash_6b04fdee18120b18,#stickerset,0.35,#,#,#,#,#,#
#decal,466,466,#loot_ui_icon_stickers_robot_06_large,&#hash_6b0500ee18121031,#stickerset,0.35,#,#,#,#,#,#
#decal,467,467,#loot_ui_icon_stickers_skate_1_large,&#hash_52a83a12cee7dadb,#stickerset,0.35,#,#,#,#,#,#
#decal,468,468,#loot_ui_icon_stickers_skate_2_large,&#hash_52a83b12cee7dc8e,#stickerset,0.35,#,#,#,#,#,#
#decal,469,469,#loot_ui_icon_stickers_skate_3_large,&#hash_52a83c12cee7de41,#stickerset,0.35,#,#,#,#,#,#
#decal,470,470,#loot_ui_icon_stickers_skate_4_large,&#hash_52a83d12cee7dff4,#stickerset,0.35,#,#,#,#,#,#
#decal,471,471,#loot_ui_icon_stickers_skate_5_large,&#hash_52a83e12cee7e1a7,#stickerset,0.35,#,#,#,#,#,#
#decal,472,472,#loot_ui_icon_stickers_skate_6_large,&#hash_52a83f12cee7e35a,#stickerset,0.35,#,#,#,#,#,#
#decal,473,473,#loot_ui_icon_stickers_synth_1_large,&#hash_3d18db4f2d9f92f3,#stickerset,0.35,#,#,#,#,#,#
#decal,474,474,#loot_ui_icon_stickers_synth_2_large,&#hash_3d18dc4f2d9f94a6,#stickerset,0.35,#,#,#,#,#,#
#decal,475,475,#loot_ui_icon_stickers_synth_3_large,&#hash_3d18dd4f2d9f9659,#stickerset,0.35,#,#,#,#,#,#
#decal,476,476,#loot_ui_icon_stickers_synth_4_large,&#hash_3d18de4f2d9f980c,#stickerset,0.35,#,#,#,#,#,#
#decal,477,477,#loot_ui_icon_stickers_synth_5_large,&#hash_3d18df4f2d9f99bf,#stickerset,0.35,#,#,#,#,#,#
#decal,478,478,#loot_ui_icon_stickers_synth_6_large,&#hash_3d18e04f2d9f9b72,#stickerset,0.35,#,#,#,#,#,#
#decal,479,479,#ui_icon_stickers_code,&#hash_436d87d0359380a,#sticker,0.35,#hash_16d83fd17a87c96b,#,#,#,#,#
#decal,480,480,#ui_icon_stickers_sku,&#hash_575e41098d31e37b,#sticker,0.35,#blackops_pack,#,#,#,#,#
#decal,481,481,#loot_ui_icon_stickers_random_01_large,&#hash_7a17361bec312edd,#sticker,0.35,#,#,#,#,#,#
#decal,482,482,#loot_ui_icon_stickers_random_03_large,&#hash_7a1a9a1bec340ea0,#sticker,0.35,#,#,#,#,#,#
#decal,483,483,#loot_ui_icon_stickers_random_06_large,&#hash_7a1a9f1bec34171f,#sticker,0.35,#,#,#,#,#,#
#decal,484,484,#loot_ui_icon_stickers_random_07_large,&#hash_7a1a9e1bec34156c,#sticker,0.35,#,#,#,#,#,#
#decal,485,485,#loot_ui_icon_stickers_random_08_large,&#hash_7a1aa11bec341a85,#sticker,0.35,#,#,#,#,#,#
#decal,486,486,#loot_ui_icon_stickers_random_09_large,&#hash_7a1aa01bec3418d2,#sticker,0.35,#,#,#,#,#,#
#decal,487,487,#loot_ui_icon_stickers_random_11_large,&#hash_7a1aa21bec341c38,#sticker,0.35,#,#,#,#,#,#
#decal,488,488,#loot_ui_icon_stickers_random_12_large,&#hash_7a17331bec3129c4,#sticker,0.35,#,#,#,#,#,#
#decal,489,489,#loot_ui_icon_stickers_random_13_large,&#hash_7a10291bec2afa18,#sticker,0.35,#,#,#,#,#,#
#decal,490,490,#loot_ui_icon_stickers_random_14_large,&#hash_7a102a1bec2afbcb,#sticker,0.35,#,#,#,#,#,#
#decal,491,491,#loot_ui_icon_stickers_random_15_large,&#hash_7a102b1bec2afd7e,#sticker,0.35,#,#,#,#,#,#
#decal,492,492,#loot_ui_icon_stickers_random_16_large,&#hash_7a102c1bec2aff31,#sticker,0.35,#,#,#,#,#,#
#decal,493,493,#loot_ui_icon_stickers_random_17_large,&#hash_7a102d1bec2b00e4,#sticker,0.35,#,#,#,#,#,#
#decal,494,494,#loot_ui_icon_stickers_random_18_large,&#hash_7a102e1bec2b0297,#sticker,0.35,#,#,#,#,#,#
#decal,495,495,#loot_ui_icon_stickers_random_20_large,&#hash_7a10301bec2b05fd,#sticker,0.35,#,#,#,#,#,#
#decal,496,496,#loot_ui_icon_stickers_random_21_large,&#hash_7a10211bec2aec80,#sticker,0.35,#,#,#,#,#,#
#decal,497,497,#loot_ui_icon_stickers_random_22_large,&#hash_7a10221bec2aee33,#sticker,0.35,#,#,#,#,#,#
#decal,498,498,#loot_ui_icon_stickers_random_23_large,&#hash_7a17341bec312b77,#sticker,0.35,#,#,#,#,#,#
#decal,499,499,#loot_ui_icon_stickers_random_24_large,&#hash_7a13af1bec2e13a1,#sticker,0.35,#,#,#,#,#,#
#decal,500,500,#loot_ui_icon_stickers_random_26_large,&#hash_7a13ad1bec2e103b,#sticker,0.35,#,#,#,#,#,#
#decal,501,501,#loot_ui_icon_stickers_random_27_large,&#hash_7a13ac1bec2e0e88,#sticker,0.35,#,#,#,#,#,#
#decal,502,502,#loot_ui_icon_stickers_random_28_large,&#hash_7a13b21bec2e18ba,#sticker,0.35,#,#,#,#,#,#
#decal,503,503,#loot_ui_icon_stickers_random_29_large,&#hash_7a13b11bec2e1707,#sticker,0.35,#,#,#,#,#,#
#decal,504,504,#loot_ui_icon_stickers_random_30_large,&#hash_7a13b01bec2e1554,#sticker,0.35,#,#,#,#,#,#
#decal,505,505,#loot_ui_icon_stickers_random_32_large,&#hash_7a17311bec31265e,#sticker,0.35,#,#,#,#,#,#
#decal,506,506,#loot_ui_icon_stickers_random_34_large,&#hash_7a24ae1bec3c8521,#sticker,0.35,#,#,#,#,#,#
#decal,507,507,#loot_ui_icon_stickers_random_35_large,&#hash_7a24ab1bec3c8008,#sticker,0.35,#,#,#,#,#,#
#decal,508,508,#loot_ui_icon_stickers_random_36_large,&#hash_7a24b11bec3c8a3a,#sticker,0.35,#,#,#,#,#,#
#decal,509,509,#loot_ui_icon_stickers_random_37_large,&#hash_7a24b21bec3c8bed,#sticker,0.35,#,#,#,#,#,#
#decal,510,510,#loot_ui_icon_stickers_random_38_large,&#hash_7a24af1bec3c86d4,#sticker,0.35,#,#,#,#,#,#
#decal,511,511,#loot_ui_icon_stickers_random_39_large,&#hash_7a17321bec312811,#sticker,0.35,#,#,#,#,#,#
#decal,512,512,#loot_ui_icon_stickers_random_41_large,&#hash_7a17301bec3124ab,#sticker,0.35,#,#,#,#,#,#
#decal,513,513,#loot_ui_icon_stickers_random_43_large,&#hash_7a172e1bec312145,#sticker,0.35,#,#,#,#,#,#
#decal,514,514,#loot_ui_icon_stickers_misc_1,&#hash_7a24b01bec3c8887,#sticker,0.35,#,#,#,#,#,#
#decal,515,515,#loot_ui_icon_stickers_misc_2,&#hash_7a24a51bec3c75d6,#sticker,0.35,#,#,#,#,#,#
#decal,516,516,#loot_ui_icon_stickers_misc_3,&#hash_7a24a61bec3c7789,#sticker,0.35,#,#,#,#,#,#
#decal,517,517,#loot_ui_icon_stickers_misc_4,&#hash_7a28331bec3f9cf7,#sticker,0.35,#,#,#,#,#,#
#decal,518,518,#loot_ui_icon_stickers_misc_5,&#hash_7a28321bec3f9b44,#sticker,0.35,#,#,#,#,#,#
#decal,519,519,#loot_ui_icon_stickers_misc_6,&#hash_7a28351bec3fa05d,#sticker,0.35,#,#,#,#,#,#
#decal,520,520,#loot_ui_icon_stickers_misc_7,&#hash_7a28341bec3f9eaa,#sticker,0.35,#,#,#,#,#,#
#decal,521,521,#loot_ui_icon_stickers_misc_8,&#hash_7a282f1bec3f962b,#sticker,0.35,#,#,#,#,#,#
#decal,522,522,#loot_ui_icon_stickers_misc_9,&#hash_7a282e1bec3f9478,#sticker,0.35,#,#,#,#,#,#
#decal,523,523,#loot_ui_icon_stickers_misc_10,&#hash_7a28311bec3f9991,#sticker,0.35,#,#,#,#,#,#
#decal,525,525,#loot_ui_icon_stickers_misc_12,&#hash_7a282b1bec3f8f5f,#sticker,0.35,#,#,#,#,#,#
#decal,526,526,#loot_ui_icon_stickers_misc_13,&#hash_7a282a1bec3f8dac,#sticker,0.35,#,#,#,#,#,#
#decal,527,527,#loot_ui_icon_stickers_misc_14,&#hash_7a1e211bec3729dc,#sticker,0.35,#,#,#,#,#,#
#decal,528,528,#loot_ui_icon_stickers_misc_15,&#hash_7a1e221bec372b8f,#sticker,0.35,#,#,#,#,#,#
#decal,529,529,#loot_ui_icon_stickers_misc_16,&#hash_7a1e231bec372d42,#sticker,0.35,#,#,#,#,#,#
#decal,530,530,#loot_ui_icon_stickers_misc_17,&#hash_7a1e241bec372ef5,#sticker,0.35,#,#,#,#,#,#
#decal,531,531,#loot_ui_icon_stickers_misc_18,&#hash_7a1e1d1bec372310,#sticker,0.35,#,#,#,#,#,#
#decal,532,532,#loot_ui_icon_stickers_misc_19,&#hash_7a1e1e1bec3724c3,#sticker,0.35,#,#,#,#,#,#
#decal,533,533,#loot_ui_icon_stickers_misc_20,&#hash_7a1e1f1bec372676,#sticker,0.35,#,#,#,#,#,#
#decal,534,534,#loot_ui_icon_stickers_misc_21,&#hash_7a1e201bec372829,#sticker,0.35,#,#,#,#,#,#
#decal,535,535,#loot_ui_icon_stickers_misc_22,&#hash_7a1e291bec373774,#sticker,0.35,#,#,#,#,#,#
#decal,536,536,#loot_ui_icon_stickers_misc_23,&#hash_7a1e2a1bec373927,#sticker,0.35,#,#,#,#,#,#
#decal,537,537,#loot_ui_icon_stickers_misc_24,&#hash_7a21271bec3969e5,#sticker,0.35,#,#,#,#,#,#
#decal,538,538,#loot_ui_icon_stickers_random_46_large,&#hash_7a13b31bec2e1a6d,#sticker,0.35,#,#,#,#,#,#
#decal,539,539,#loot_ui_icon_stickers_random_47_large,&#hash_7a13a61bec2e0456,#sticker,0.35,#,#,#,#,#,#
#decal,540,540,#ui_icon_stickers_gauntlet_deathconfive,&#hash_7d04c533dc2235e6,#sticker,0.35,#,#,#,#,#,#
#decal,541,541,#ui_icon_stickers_gauntlet_hellcatraz,&#hash_1f075735a3bb5bb6,#sticker,0.35,#,#,#,#,#,#
#decal,542,542,#ui_icon_stickers_gauntlet_unsinkable,&#hash_10c6dc1a7fac1e48,#sticker,0.35,#,#,#,#,#,#
#decal,543,543,#ui_icon_stickers_gauntlet_vinividizombie,&#hash_3deadd371d74e38c,#sticker,0.35,#,#,#,#,#,#
#decal,544,544,#loot_ui_icon_stickers_random_set_2_9_seraph,&#hash_e5eca77571227bf,#sticker,0.35,#,#,#,#,#,#
#decal,545,545,#loot2_ui_icon_sticker_nomad_sun,&#hash_1405cf9f4ab54682,#sticker,0.35,#,#,#,#,#,#
#decal,546,546,#loot_ui_icon_stickers_pixel_warriors_1_large,&#hash_1c3fa80240a1fb44,#stickerset,0.35,#,#,#,#,#,#
#decal,547,547,#loot_ui_icon_stickers_pixel_warriors_2_large,&#hash_1c3fab0240a2005d,#stickerset,0.35,#,#,#,#,#,#
#decal,548,548,#loot_ui_icon_stickers_pixel_warriors_3_large,&#hash_1c3faa0240a1feaa,#stickerset,0.35,#,#,#,#,#,#
#decal,549,549,#loot_ui_icon_stickers_pixel_warriors_4_large,&#hash_1c3fa50240a1f62b,#stickerset,0.35,#,#,#,#,#,#
#decal,550,550,#loot_ui_icon_stickers_pixel_warriors_5_large,&#hash_1c3fa40240a1f478,#stickerset,0.35,#,#,#,#,#,#
#decal,551,551,#loot_ui_icon_stickers_pixel_warriors_6_large,&#hash_1c3fa70240a1f991,#stickerset,0.35,#,#,#,#,#,#
#decal,552,552,#loot_ui_icon_stickers_retro_media_1_large,&#hash_4e5d1c523513b906,#stickerset,0.35,#,#,#,#,#,#
#decal,553,553,#loot_ui_icon_stickers_retro_media_2_large,&#hash_4e5d1b523513b753,#stickerset,0.35,#,#,#,#,#,#
#decal,554,554,#loot_ui_icon_stickers_retro_media_3_large,&#hash_4e5d1a523513b5a0,#stickerset,0.35,#,#,#,#,#,#
#decal,555,555,#loot_ui_icon_stickers_retro_media_4_large,&#hash_4e5d21523513c185,#stickerset,0.35,#,#,#,#,#,#
#decal,556,556,#loot_ui_icon_stickers_retro_media_5_large,&#hash_4e5d20523513bfd2,#stickerset,0.35,#,#,#,#,#,#
#decal,557,557,#loot_ui_icon_stickers_retro_media_6_large,&#hash_4e5d1f523513be1f,#stickerset,0.35,#,#,#,#,#,#
#decal,558,558,#loot_ui_icon_stickers_chromedout_1_large,&#hash_3c88037bdb293208,#stickerset,0.35,#,#,#,#,#,#
#decal,559,559,#loot_ui_icon_stickers_chromedout_2_large,&#hash_3c88067bdb293721,#stickerset,0.35,#,#,#,#,#,#
#decal,560,560,#loot_ui_icon_stickers_chromedout_3_large,&#hash_3c88057bdb29356e,#stickerset,0.35,#,#,#,#,#,#
#decal,561,561,#loot_ui_icon_stickers_chromedout_4_large,&#hash_3c88087bdb293a87,#stickerset,0.35,#,#,#,#,#,#
#decal,562,562,#loot_ui_icon_stickers_chromedout_5_large,&#hash_3c88077bdb2938d4,#stickerset,0.35,#,#,#,#,#,#
#decal,563,563,#loot_ui_icon_stickers_chromedout_6_large,&#hash_3c880a7bdb293ded,#stickerset,0.35,#,#,#,#,#,#
#decal,564,564,#loot_ui_icon_stickers_safari_animals_1_large,&#hash_105a8d337f986055,#stickerset,0.35,#,#,#,#,#,#
#decal,565,565,#loot_ui_icon_stickers_safari_animals_2_large,&#hash_105a8a337f985b3c,#stickerset,0.35,#,#,#,#,#,#
#decal,566,566,#loot_ui_icon_stickers_safari_animals_3_large,&#hash_105a8b337f985cef,#stickerset,0.35,#,#,#,#,#,#
#decal,567,567,#loot_ui_icon_stickers_safari_animals_4_large,&#hash_105a88337f9857d6,#stickerset,0.35,#,#,#,#,#,#
#decal,568,568,#loot_ui_icon_stickers_safari_animals_5_large,&#hash_105a89337f985989,#stickerset,0.35,#,#,#,#,#,#
#decal,569,569,#loot_ui_icon_stickers_safari_animals_6_large,&#hash_105a86337f985470,#stickerset,0.35,#,#,#,#,#,#
#decal,570,570,#loot_ui_icon_stickers_graffitiparts_1,&#hash_52441a13b4217090,#stickerset,0.35,#,#,#,#,#,#
#decal,571,571,#loot_ui_icon_stickers_graffitiparts_2,&#hash_52441d13b42175a9,#stickerset,0.35,#,#,#,#,#,#
#decal,572,572,#loot_ui_icon_stickers_graffitiparts_3,&#hash_52441c13b42173f6,#stickerset,0.35,#,#,#,#,#,#
#decal,573,573,#loot_ui_icon_stickers_graffitiparts_4,&#hash_52441f13b421790f,#stickerset,0.35,#,#,#,#,#,#
#decal,574,574,#loot_ui_icon_stickers_graffitiparts_5,&#hash_52441e13b421775c,#stickerset,0.35,#,#,#,#,#,#
#decal,575,575,#loot_ui_icon_stickers_graffitiparts_6,&#hash_52442113b4217c75,#stickerset,0.35,#,#,#,#,#,#
#decal,576,576,#loot_ui_icon_stickers_cute_monsters_1_large,&#hash_69aac26c10821d3e,#stickerset,0.35,#,#,#,#,#,#
#decal,577,577,#loot_ui_icon_stickers_cute_monsters_2_large,&#hash_69aac16c10821b8b,#stickerset,0.35,#,#,#,#,#,#
#decal,578,578,#loot_ui_icon_stickers_cute_monsters_3_large,&#hash_69aac06c108219d8,#stickerset,0.35,#,#,#,#,#,#
#decal,579,579,#loot_ui_icon_stickers_cute_monsters_4_large,&#hash_69aac76c108225bd,#stickerset,0.35,#,#,#,#,#,#
#decal,580,580,#loot_ui_icon_stickers_cute_monsters_5_large,&#hash_69aac66c1082240a,#stickerset,0.35,#,#,#,#,#,#
#decal,581,581,#loot_ui_icon_stickers_cute_monsters_6_large,&#hash_69aac56c10822257,#stickerset,0.35,#,#,#,#,#,#
#decal,582,582,#loot_ui_icon_sticker_crash_snake_02,&#hash_613a08ec35b54d2,#sticker,0.35,#,#,#,#,#,#
#decal,583,583,#loot_ui_icon_sticker_crash_snake_03,&#hash_6139f8ec35b531f,#sticker,0.35,#,#,#,#,#,#
#decal,584,584,#loot_ui_icon_sticker_battery_snake_01,&#hash_6139e8ec35b516c,#sticker,0.35,#,#,#,#,#,#
#decal,585,585,#loot_ui_icon_sticker_battery_snake_05,&#hash_6139d8ec35b4fb9,#sticker,0.35,#,#,#,#,#,#
#decal,586,586,#loot_ui_icon_sticker_zero_persian_raider_01,&#hash_5f2990fd1bf75a58,#sticker,0.35,#,#,#,#,#,#
#decal,587,587,#loot_ui_icon_sticker_zero_persian_raider_03,&#hash_5f2993fd1bf75f71,#sticker,0.35,#,#,#,#,#,#
#decal,588,588,#loot02_ui_icon_stickers_voodoodolls_1,&#hash_64107c2327fe210,#stickerset,0.35,#,#,#,#,#,#
#decal,589,589,#loot02_ui_icon_stickers_voodoodolls_2,&#hash_6410ac2327fe729,#stickerset,0.35,#,#,#,#,#,#
#decal,590,590,#loot02_ui_icon_stickers_voodoodolls_3,&#hash_64109c2327fe576,#stickerset,0.35,#,#,#,#,#,#
#decal,591,591,#loot02_ui_icon_stickers_voodoodolls_4,&#hash_6410cc2327fea8f,#stickerset,0.35,#,#,#,#,#,#
#decal,592,592,#loot02_ui_icon_stickers_voodoodolls_5,&#hash_6410bc2327fe8dc,#stickerset,0.35,#,#,#,#,#,#
#decal,593,593,#loot02_ui_icon_stickers_voodoodolls_6,&#hash_6410ec2327fedf5,#stickerset,0.35,#,#,#,#,#,#
#decal,594,594,#loot_ui_icon_sticker_firebreak_dragon_warrior_05,&#hash_197f1352652f9fcf,#stickerset,0.35,#,#,#,#,#,#
#decal,595,595,#loot_ui_icon_sticker_firebreak_dragon_warrior_04,&#hash_197f1452652fa182,#stickerset,0.35,#,#,#,#,#,#
#decal,596,596,#loot_ui_icon_sticker_nomad_juneau_03,&#hash_197f1552652fa335,#stickerset,0.35,#,#,#,#,#,#
#decal,597,597,#loot_ui_icon_sticker_firebreak_dragon_warrior_02,&#hash_197f0e52652f9750,#stickerset,0.35,#,#,#,#,#,#
#decal,598,598,#loot_ui_icon_sticker_firebreak_dragon_warrior_01,&#hash_197f0f52652f9903,#stickerset,0.35,#,#,#,#,#,#
#decal,599,599,#loot_ui_icon_sticker_nomad_juneau_05,&#hash_197f1052652f9ab6,#stickerset,0.35,#,#,#,#,#,#
#decal,600,600,#loot_ui_icon_stickers_steampunk_warriors_01,&#hash_500f3a41079563d7,#stickerset,0.35,#,#,#,#,#,#
#decal,601,601,#loot_ui_icon_stickers_steampunk_warriors_02,&#hash_500f3b410795658a,#stickerset,0.35,#,#,#,#,#,#
#decal,602,602,#loot_ui_icon_stickers_steampunk_warriors_03,&#hash_500f3c410795673d,#stickerset,0.35,#,#,#,#,#,#
#decal,603,603,#loot_ui_icon_stickers_steampunk_warriors_04,&#hash_500f354107955b58,#stickerset,0.35,#,#,#,#,#,#
#decal,604,604,#loot_ui_icon_stickers_steampunk_warriors_05,&#hash_500f364107955d0b,#stickerset,0.35,#,#,#,#,#,#
#decal,605,605,#loot_ui_icon_stickers_steampunk_warriors_06,&#hash_500f374107955ebe,#stickerset,0.35,#,#,#,#,#,#
#decal,606,606,#loot02_ui_icon_stickers_random_set1_17,&#hash_3afd3e24390a6973,#stickerset,0.35,#,#,#,#,#,#
#decal,607,607,#loot02_ui_icon_stickers_random_set1_22,&#hash_3afd3f24390a6b26,#stickerset,0.35,#,#,#,#,#,#
#decal,608,608,#loot02_ui_icon_stickers_random_set1_15,&#hash_3afd4024390a6cd9,#stickerset,0.35,#,#,#,#,#,#
#decal,609,609,#loot02_ui_icon_stickers_random_set1_16,&#hash_3afd4124390a6e8c,#stickerset,0.35,#,#,#,#,#,#
#decal,610,610,#loot02_ui_icon_stickers_random_set1_21,&#hash_3afd4224390a703f,#stickerset,0.35,#,#,#,#,#,#
#decal,611,611,#loot02_ui_icon_stickers_random_set1_26,&#hash_3afd4324390a71f2,#stickerset,0.35,#,#,#,#,#,#
#decal,612,612,#loot02_ui_icon_stickers_random_set1_31,&#hash_71282c4e38474b77,#sticker,0.35,#,#,#,#,#,#
#decal,613,613,#loot02_ui_icon_stickers_random_set1_32,&#hash_71282d4e38474d2a,#sticker,0.35,#,#,#,#,#,#
#decal,614,614,#loot02_ui_icon_stickers_random_set1_38,&#hash_28c7a5a0b0619869,#stickerset,0.35,#,#,#,#,#,#
#decal,615,615,#loot02_ui_icon_stickers_random_set1_20,&#hash_28c7a2a0b0619350,#stickerset,0.35,#,#,#,#,#,#
#decal,616,616,#loot02_ui_icon_stickers_random_set1_14,&#hash_28c7a3a0b0619503,#stickerset,0.35,#,#,#,#,#,#
#decal,617,617,#loot02_ui_icon_stickers_random_set1_04,&#hash_28c7a8a0b0619d82,#stickerset,0.35,#,#,#,#,#,#
#decal,618,618,#loot02_ui_icon_stickers_random_set1_01,&#hash_28c7a9a0b0619f35,#stickerset,0.35,#,#,#,#,#,#
#decal,619,619,#loot02_ui_icon_stickers_random_set1_29,&#hash_28c7a6a0b0619a1c,#stickerset,0.35,#,#,#,#,#,#
#decal,620,620,#loot02_ui_icon_stickers_random_set1_46,&#hash_2c9c2ddfbefcd915,#stickerset,0.35,#,#,#,#,#,#
#decal,621,621,#loot02_ui_icon_stickers_random_set1_06,&#hash_2c9c2adfbefcd3fc,#stickerset,0.35,#,#,#,#,#,#
#decal,622,622,#loot02_ui_icon_stickers_random_set1_33,&#hash_2c9c2bdfbefcd5af,#stickerset,0.35,#,#,#,#,#,#
#decal,623,623,#loot02_ui_icon_stickers_random_set1_43,&#hash_2c9c28dfbefcd096,#stickerset,0.35,#,#,#,#,#,#
#decal,624,624,#loot02_ui_icon_stickers_random_set1_45,&#hash_2c9c29dfbefcd249,#stickerset,0.35,#,#,#,#,#,#
#decal,625,625,#loot02_ui_icon_stickers_random_set1_08,&#hash_2c9c26dfbefccd30,#stickerset,0.35,#,#,#,#,#,#
#decal,626,626,#loot_ui_icon_sticker_firebreak_snake_01,&#hash_15466d62d19db48e,#sticker,0.35,#,#,#,#,#,#
#decal,627,627,#loot_ui_icon_sticker_firebreak_snake_03,&#hash_15466b62d19db128,#sticker,0.35,#,#,#,#,#,#
#decal,628,628,#ui_icon_stickers_mp_league_05_00,&#hash_54a669f2871d4828,#sticker,0.35,#,#,#,#,#,#
#decal,629,629,#ui_icon_stickers_mp_league_05_03,&#hash_54a66bf2871d4b8e,#sticker,0.35,#,#,#,#,#,#
#decal,630,630,#ui_icon_stickers_mp_league_05_04,&#hash_54a66ef2871d50a7,#sticker,0.35,#,#,#,#,#,#
#decal,631,631,#ui_icon_stickers_mp_league_10_00,&#hash_15c4bde754427316,#sticker,0.35,#,#,#,#,#,#
#decal,632,632,#ui_icon_stickers_mp_league_10_03,&#hash_15c4bbe754426fb0,#sticker,0.35,#,#,#,#,#,#
#decal,633,633,#ui_icon_stickers_mp_league_10_04,&#hash_15c4c2e754427b95,#sticker,0.35,#,#,#,#,#,#
#decal,634,634,#ui_icon_stickers_mp_league_15_00,&#hash_11ba81d0814d7acf,#sticker,0.35,#,#,#,#,#,#
#decal,635,635,#ui_icon_stickers_mp_league_15_03,&#hash_11ba83d0814d7e35,#sticker,0.35,#,#,#,#,#,#
#decal,636,636,#ui_icon_stickers_mp_league_15_04,&#hash_11ba7cd0814d7250,#sticker,0.35,#,#,#,#,#,#
#decal,637,637,#ui_icon_stickers_mp_league_20_00,&#hash_6966555035d1a2f3,#sticker,0.35,#,#,#,#,#,#
#decal,638,638,#ui_icon_stickers_mp_league_20_03,&#hash_6966575035d1a659,#sticker,0.35,#,#,#,#,#,#
#decal,639,639,#ui_icon_stickers_mp_league_20_04,&#hash_6966585035d1a80c,#sticker,0.35,#,#,#,#,#,#
#decal,640,640,#ui_icon_stickers_mp_league_25_00,&#hash_374aa12a2af496c2,#sticker,0.35,#,#,#,#,#,#
#decal,641,641,#ui_icon_stickers_mp_league_25_03,&#hash_374a9f2a2af4935c,#sticker,0.35,#,#,#,#,#,#
#decal,642,642,#ui_icon_stickers_mp_league_25_04,&#hash_374a9e2a2af491a9,#sticker,0.35,#,#,#,#,#,#
#decal,643,643,#ui_icon_stickers_mp_league_30_00,&#hash_76a2b94664f909f0,#sticker,0.35,#,#,#,#,#,#
#decal,644,644,#ui_icon_stickers_mp_league_30_03,&#hash_76a2bb4664f90d56,#sticker,0.35,#,#,#,#,#,#
#decal,645,645,#ui_icon_stickers_mp_league_30_04,&#hash_76a2be4664f9126f,#sticker,0.35,#,#,#,#,#,#
#decal,646,646,#loot_ui_icon_stickers_barbarians_01,&#hash_d52a811141cb208,#stickerset,0.35,#,#,#,#,#,#
#decal,647,647,#loot_ui_icon_stickers_barbarians_02,&#hash_d52ab11141cb721,#stickerset,0.35,#,#,#,#,#,#
#decal,648,648,#loot_ui_icon_stickers_barbarians_03,&#hash_d52aa11141cb56e,#stickerset,0.35,#,#,#,#,#,#
#decal,649,649,#loot_ui_icon_stickers_barbarians_04,&#hash_d52ad11141cba87,#stickerset,0.35,#,#,#,#,#,#
#decal,650,650,#loot_ui_icon_stickers_barbarians_05,&#hash_d52ac11141cb8d4,#stickerset,0.35,#,#,#,#,#,#
#decal,651,651,#loot_ui_icon_stickers_barbarians_06,&#hash_d52af11141cbded,#stickerset,0.35,#,#,#,#,#,#
#decal,652,652,#loot_ui_icon_stickers_vampire_hunter_01,&#hash_44c77bdb99cb348d,#sticker,0.35,#,#,#,#,#,#
#decal,653,653,#loot_ui_icon_stickers_heavymetal_01,&#hash_7c7eed5ef064fae4,#stickerset,0.35,#,#,#,#,#,#
#decal,654,654,#loot_ui_icon_stickers_heavymetal_02,&#hash_7c7ef05ef064fffd,#stickerset,0.35,#,#,#,#,#,#
#decal,655,655,#loot_ui_icon_stickers_heavymetal_03,&#hash_7c7eef5ef064fe4a,#stickerset,0.35,#,#,#,#,#,#
#decal,656,656,#loot_ui_icon_stickers_heavymetal_04,&#hash_7c7eea5ef064f5cb,#stickerset,0.35,#,#,#,#,#,#
#decal,657,657,#loot_ui_icon_stickers_heavymetal_05,&#hash_7c7ee95ef064f418,#stickerset,0.35,#,#,#,#,#,#
#decal,658,658,#loot_ui_icon_stickers_heavymetal_06,&#hash_7c7eec5ef064f931,#stickerset,0.35,#,#,#,#,#,#
#decal,659,659,#loot_ui_icon_stickers_vegas_01,&#hash_44a0316bc522c3dc,#stickerset,0.35,#,#,#,#,#,#
#decal,660,660,#loot_ui_icon_stickers_vegas_02,&#hash_44a0346bc522c8f5,#stickerset,0.35,#,#,#,#,#,#
#decal,661,661,#loot_ui_icon_stickers_vegas_03,&#hash_44a0336bc522c742,#stickerset,0.35,#,#,#,#,#,#
#decal,662,662,#loot_ui_icon_stickers_vegas_04,&#hash_44a02e6bc522bec3,#stickerset,0.35,#,#,#,#,#,#
#decal,663,663,#loot_ui_icon_stickers_vegas_05,&#hash_44a02d6bc522bd10,#stickerset,0.35,#,#,#,#,#,#
#decal,664,664,#loot_ui_icon_stickers_vegas_06,&#hash_44a0306bc522c229,#stickerset,0.35,#,#,#,#,#,#
#decal,665,665,#loot_ui_icon_stickers_aliens_01,&#hash_35432acab154a2a6,#stickerset,0.35,#,#,#,#,#,#
#decal,666,666,#loot_ui_icon_stickers_aliens_02,&#hash_354329cab154a0f3,#stickerset,0.35,#,#,#,#,#,#
#decal,667,667,#loot_ui_icon_stickers_aliens_03,&#hash_354328cab1549f40,#stickerset,0.35,#,#,#,#,#,#
#decal,668,668,#loot_ui_icon_stickers_aliens_04,&#hash_35432fcab154ab25,#stickerset,0.35,#,#,#,#,#,#
#decal,669,669,#loot_ui_icon_stickers_aliens_05,&#hash_35432ecab154a972,#stickerset,0.35,#,#,#,#,#,#
#decal,670,670,#loot_ui_icon_stickers_aliens_06,&#hash_35432dcab154a7bf,#stickerset,0.35,#,#,#,#,#,#
#decal,671,671,#loot_ui_icon_stickers_zsquad_01,&#hash_73444b58533f5e7a,#stickerset,0.35,#,#,#,#,#,#
#decal,672,672,#loot_ui_icon_stickers_zsquad_02,&#hash_73444a58533f5cc7,#stickerset,0.35,#,#,#,#,#,#
#decal,673,673,#loot_ui_icon_stickers_zsquad_03,&#hash_73444958533f5b14,#stickerset,0.35,#,#,#,#,#,#
#decal,674,674,#loot_ui_icon_stickers_zsquad_04,&#hash_73444858533f5961,#stickerset,0.35,#,#,#,#,#,#
#decal,675,675,#loot_ui_icon_stickers_zsquad_05,&#hash_73444758533f57ae,#stickerset,0.35,#,#,#,#,#,#
#decal,676,676,#loot_ui_icon_stickers_zsquad_06,&#hash_73444658533f55fb,#stickerset,0.35,#,#,#,#,#,#
#decal,677,677,#ui_icon_stickers_mp_league_05_01,&#hash_54a66cf2871d4d41,#sticker,0.35,#,#,#,#,#,#
#decal,678,678,#ui_icon_stickers_mp_league_10_01,&#hash_15c4bce754427163,#sticker,0.35,#,#,#,#,#,#
#decal,679,679,#ui_icon_stickers_mp_league_15_01,&#hash_11ba82d0814d7c82,#sticker,0.35,#,#,#,#,#,#
#decal,680,680,#ui_icon_stickers_mp_league_20_01,&#hash_6966565035d1a4a6,#sticker,0.35,#,#,#,#,#,#
#decal,681,681,#ui_icon_stickers_mp_league_25_01,&#hash_374aa02a2af4950f,#sticker,0.35,#,#,#,#,#,#
#decal,682,682,#ui_icon_stickers_mp_league_30_01,&#hash_76a2bc4664f90f09,#sticker,0.35,#,#,#,#,#,#
#decal,683,683,#loot_ui_icon_stickers_bankrobbery_01,&#hash_10d396fd99aa2983,#stickerset,0.35,#,#,#,#,#,#
#decal,684,684,#loot_ui_icon_stickers_bankrobbery_02,&#hash_10d397fd99aa2b36,#stickerset,0.35,#,#,#,#,#,#
#decal,685,685,#loot_ui_icon_stickers_bankrobbery_03,&#hash_10d398fd99aa2ce9,#stickerset,0.35,#,#,#,#,#,#
#decal,686,686,#loot_ui_icon_stickers_bankrobbery_04,&#hash_10d399fd99aa2e9c,#stickerset,0.35,#,#,#,#,#,#
#decal,687,687,#loot_ui_icon_stickers_bankrobbery_05,&#hash_10d39afd99aa304f,#stickerset,0.35,#,#,#,#,#,#
#decal,688,688,#loot_ui_icon_stickers_bankrobbery_06,&#hash_10d39bfd99aa3202,#stickerset,0.35,#,#,#,#,#,#
#decal,689,689,#loot_ui_icon_stickers_crimelife_01,&#hash_1cf89c8c18aaa06e,#stickerset,0.35,#,#,#,#,#,#
#decal,690,690,#loot_ui_icon_stickers_crimelife_02,&#hash_1cf89b8c18aa9ebb,#stickerset,0.35,#,#,#,#,#,#
#decal,691,691,#loot_ui_icon_stickers_crimelife_03,&#hash_1cf89a8c18aa9d08,#stickerset,0.35,#,#,#,#,#,#
#decal,692,692,#loot_ui_icon_stickers_crimelife_04,&#hash_1cf8a18c18aaa8ed,#stickerset,0.35,#,#,#,#,#,#
#decal,693,693,#loot_ui_icon_stickers_crimelife_05,&#hash_1cf8a08c18aaa73a,#stickerset,0.35,#,#,#,#,#,#
#decal,694,694,#loot_ui_icon_stickers_crimelife_06,&#hash_1cf89f8c18aaa587,#stickerset,0.35,#,#,#,#,#,#
#decal,695,695,#loot_ui_icon_stickers_dystopian1_01,&#hash_551871b66e0f58e6,#stickerset,0.35,#,#,#,#,#,#
#decal,696,696,#loot_ui_icon_stickers_dystopian1_02,&#hash_551870b66e0f5733,#stickerset,0.35,#,#,#,#,#,#
#decal,697,697,#loot_ui_icon_stickers_dystopian1_03,&#hash_55186fb66e0f5580,#stickerset,0.35,#,#,#,#,#,#
#decal,698,698,#loot_ui_icon_stickers_dystopian1_04,&#hash_551876b66e0f6165,#stickerset,0.35,#,#,#,#,#,#
#decal,699,699,#loot_ui_icon_stickers_dystopian1_05,&#hash_551875b66e0f5fb2,#stickerset,0.35,#,#,#,#,#,#
#decal,700,700,#loot_ui_icon_stickers_dystopian1_06,&#hash_551874b66e0f5dff,#stickerset,0.35,#,#,#,#,#,#
#decal,701,701,#loot_ui_icon_stickers_dystopian2_01,&#hash_2e4d31cfb5607f59,#stickerset,0.35,#,#,#,#,#,#
#decal,702,702,#loot_ui_icon_stickers_dystopian2_02,&#hash_2e4d2ecfb5607a40,#stickerset,0.35,#,#,#,#,#,#
#decal,703,703,#loot_ui_icon_stickers_dystopian2_03,&#hash_2e4d2fcfb5607bf3,#stickerset,0.35,#,#,#,#,#,#
#decal,704,704,#loot_ui_icon_stickers_dystopian2_04,&#hash_2e4d34cfb5608472,#stickerset,0.35,#,#,#,#,#,#
#decal,705,705,#loot_ui_icon_stickers_dystopian2_05,&#hash_2e4d35cfb5608625,#stickerset,0.35,#,#,#,#,#,#
#decal,706,706,#loot_ui_icon_stickers_dystopian2_06,&#hash_2e4d32cfb560810c,#stickerset,0.35,#,#,#,#,#,#
#decal,707,707,#loot_ui_icon_stickers_dystopian3_01,&#hash_2b345c954536e84,#stickerset,0.35,#,#,#,#,#,#
#decal,708,708,#loot_ui_icon_stickers_dystopian3_02,&#hash_2b348c95453739d,#stickerset,0.35,#,#,#,#,#,#
#decal,709,709,#loot_ui_icon_stickers_dystopian3_03,&#hash_2b347c9545371ea,#stickerset,0.35,#,#,#,#,#,#
#decal,710,710,#loot_ui_icon_stickers_dystopian3_04,&#hash_2b342c95453696b,#stickerset,0.35,#,#,#,#,#,#
#decal,711,711,#loot_ui_icon_stickers_dystopian3_05,&#hash_2b341c9545367b8,#stickerset,0.35,#,#,#,#,#,#
#decal,712,712,#loot_ui_icon_stickers_dystopian3_06,&#hash_2b344c954536cd1,#stickerset,0.35,#,#,#,#,#,#
#decal,713,713,#loot_ui_icon_stickers_enforcer,&#hash_1fb84e49b023c7e4,#sticker,0.35,#,#,#,#,#,#
#decal,714,714,#loot_ui_icon_stickers_demohammer,&#hash_743986c5ef967845,#sticker,0.35,#,#,#,#,#,#
#decal,715,715,#loot_ui_icon_stickers_spaceshuttle_01,&#hash_7d4e87e246c458ef,#sticker,0.35,#,#,#,#,#,#
#decal,716,716,#loot_ui_icon_stickers_spaceshuttle_02,&#hash_7d4e88e246c45aa2,#sticker,0.35,#,#,#,#,#,#
#decal,717,717,#loot_ui_icon_stickers_misty_01,&#hash_49a29ddfca2ade,#sticker,0.35,#,#,#,#,#,#
#decal,718,718,#loot_ui_icon_stickers_misty_02,&#hash_49a19ddfca292b,#sticker,0.35,#,#,#,#,#,#
#decal,719,719,#loot_ui_icon_stickers_seraph_cop_01,&#hash_543086333cc0c9e,#sticker,0.35,#,#,#,#,#,#
#decal,720,720,#loot_ui_icon_stickers_seraph_cop_02,&#hash_543076333cc0aeb,#sticker,0.35,#,#,#,#,#,#
#decal,721,721,#loot_ui_icon_stickers_nomad_robber_01,&#hash_57206f4f8865bd1e,#sticker,0.35,#,#,#,#,#,#
#decal,722,722,#loot_ui_icon_stickers_nomad_robber_02,&#hash_57206e4f8865bb6b,#sticker,0.35,#,#,#,#,#,#
#decal,723,723,#loot_ui_icon_stickers_partyrock_01,&#hash_12a0dc7847a9fcd1,#sticker,0.35,#,#,#,#,#,#
#decal,724,724,#loot_ui_icon_stickers_partyrock_02,&#hash_12a0d97847a9f7b8,#sticker,0.35,#,#,#,#,#,#
#decal,725,725,#loot_ui_icon_stickers_cop_crash,&#hash_585734f1db77f74a,#sticker,0.35,#,#,#,#,#,#
#decal,726,726,#loot_ui_icon_stickers_toolsofthetrade_01,&#hash_1c1b353c73696445,#stickerset,0.35,#,#,#,#,#,#
#decal,727,727,#loot_ui_icon_stickers_toolsofthetrade_02,&#hash_1c1b323c73695f2c,#stickerset,0.35,#,#,#,#,#,#
#decal,728,728,#loot_ui_icon_stickers_toolsofthetrade_03,&#hash_1c1b333c736960df,#stickerset,0.35,#,#,#,#,#,#
#decal,729,729,#loot_ui_icon_stickers_toolsofthetrade_04,&#hash_1c1b303c73695bc6,#stickerset,0.35,#,#,#,#,#,#
#decal,730,730,#loot_ui_icon_stickers_toolsofthetrade_05,&#hash_1c1b313c73695d79,#stickerset,0.35,#,#,#,#,#,#
#decal,731,731,#loot_ui_icon_stickers_toolsofthetrade_06,&#hash_1c1b2e3c73695860,#stickerset,0.35,#,#,#,#,#,#
#decal,732,732,#loot_ui_icon_stickers_consequences_01,&#hash_5dabc973b51ec568,#stickerset,0.35,#,#,#,#,#,#
#decal,733,733,#loot_ui_icon_stickers_consequences_02,&#hash_5dabcc73b51eca81,#stickerset,0.35,#,#,#,#,#,#
#decal,734,734,#loot_ui_icon_stickers_consequences_03,&#hash_5dabcb73b51ec8ce,#stickerset,0.35,#,#,#,#,#,#
#decal,735,735,#loot_ui_icon_stickers_consequences_04,&#hash_5dabce73b51ecde7,#stickerset,0.35,#,#,#,#,#,#
#decal,736,736,#loot_ui_icon_stickers_consequences_05,&#hash_5dabcd73b51ecc34,#stickerset,0.35,#,#,#,#,#,#
#decal,737,737,#loot_ui_icon_stickers_consequences_06,&#hash_5dabd073b51ed14d,#stickerset,0.35,#,#,#,#,#,#
#decal,738,738,#loot_ui_icon_stickers_cop_crash_02,&#hash_7ed0e76ae80d96ad,#sticker,0.35,#,#,#,#,#,#
#decal,739,739,#loot_ui_icon_stickers_zm_wolf_moon,&#hash_316859b1c782f9f2,#sticker,0.35,#,#,#,#,#,#
#decal,740,740,#loot_ui_icon_stickers_monsters1_01,&#hash_9de1279d5f7e324,#stickerset,0.35,#,#,#,#,#,#
#decal,741,741,#loot_ui_icon_stickers_monsters1_02,&#hash_9de1579d5f7e83d,#stickerset,0.35,#,#,#,#,#,#
#decal,742,742,#loot_ui_icon_stickers_monsters1_03,&#hash_9de1479d5f7e68a,#stickerset,0.35,#,#,#,#,#,#
#decal,743,743,#loot_ui_icon_stickers_monsters1_04,&#hash_9de0f79d5f7de0b,#stickerset,0.35,#,#,#,#,#,#
#decal,744,744,#loot_ui_icon_stickers_monsters1_05,&#hash_9de0e79d5f7dc58,#stickerset,0.35,#,#,#,#,#,#
#decal,745,745,#loot_ui_icon_stickers_monsters1_06,&#hash_9de1179d5f7e171,#stickerset,0.35,#,#,#,#,#,#
#decal,746,746,#loot_ui_icon_stickers_monsters2_01,&#hash_5ebb4a6fc68faa1b,#stickerset,0.35,#,#,#,#,#,#
#decal,747,747,#loot_ui_icon_stickers_monsters2_02,&#hash_5ebb4b6fc68fabce,#stickerset,0.35,#,#,#,#,#,#
#decal,748,748,#loot_ui_icon_stickers_monsters2_03,&#hash_5ebb4c6fc68fad81,#stickerset,0.35,#,#,#,#,#,#
#decal,749,749,#loot_ui_icon_stickers_monsters2_04,&#hash_5ebb4d6fc68faf34,#stickerset,0.35,#,#,#,#,#,#
#decal,750,750,#loot_ui_icon_stickers_monsters2_05,&#hash_5ebb4e6fc68fb0e7,#stickerset,0.35,#,#,#,#,#,#
#decal,751,751,#loot_ui_icon_stickers_monsters2_06,&#hash_5ebb4f6fc68fb29a,#stickerset,0.35,#,#,#,#,#,#
#decal,752,752,#loot_ui_icon_stickers_wetworks1_01,&#hash_5ca2b2c67740c179,#stickerset,0.35,#,#,#,#,#,#
#decal,753,753,#loot_ui_icon_stickers_wetworks1_02,&#hash_5ca2afc67740bc60,#stickerset,0.35,#,#,#,#,#,#
#decal,754,754,#loot_ui_icon_stickers_wetworks1_03,&#hash_5ca2b0c67740be13,#stickerset,0.35,#,#,#,#,#,#
#decal,755,755,#loot_ui_icon_stickers_wetworks1_04,&#hash_5ca2b5c67740c692,#stickerset,0.35,#,#,#,#,#,#
#decal,756,756,#loot_ui_icon_stickers_wetworks1_05,&#hash_5ca2b6c67740c845,#stickerset,0.35,#,#,#,#,#,#
#decal,757,757,#loot_ui_icon_stickers_wetworks1_06,&#hash_5ca2b3c67740c32c,#stickerset,0.35,#,#,#,#,#,#
#decal,758,758,#loot_ui_icon_stickers_wetworks2_01,&#hash_582b72afa3eef086,#stickerset,0.35,#,#,#,#,#,#
#decal,759,759,#loot_ui_icon_stickers_wetworks2_02,&#hash_582b71afa3eeeed3,#stickerset,0.35,#,#,#,#,#,#
#decal,760,760,#loot_ui_icon_stickers_wetworks2_03,&#hash_582b70afa3eeed20,#stickerset,0.35,#,#,#,#,#,#
#decal,761,761,#loot_ui_icon_stickers_wetworks2_04,&#hash_582b77afa3eef905,#stickerset,0.35,#,#,#,#,#,#
#decal,762,762,#loot_ui_icon_stickers_wetworks2_05,&#hash_582b76afa3eef752,#stickerset,0.35,#,#,#,#,#,#
#decal,763,763,#loot_ui_icon_stickers_wetworks2_06,&#hash_582b75afa3eef59f,#stickerset,0.35,#,#,#,#,#,#
#decal,764,764,#loot_ui_icon_stickers_zm_delphi,&#hash_757782883fee8976,#sticker,0.35,#,#,#,#,#,#
#decal,765,765,#loot_ui_icon_stickers_hades_mastercraft,&#hash_3ed5016f38797fda,#sticker,0.35,#,#,#,#,#,#
#decal,766,766,#loot_ui_icon_stickers_sdm_mastercraft,&#hash_7100a52104ac8395,#sticker,0.35,#,#,#,#,#,#
#decal,767,767,#loot_ui_icon_stickers_swordfish_mastercraft,&#hash_1e99fd34f0e8ebb8,#sticker,0.35,#,#,#,#,#,#
#decal,768,768,#loot_ui_icon_stickers_spitfire_mastercraft,&#hash_5783f6d172ce23d1,#sticker,0.35,#,#,#,#,#,#
#decal,769,769,#loot_ui_icon_stickers_summertime_01,&#hash_22a9b766b1aab5f6,#stickerset,0.35,#,#,#,#,#,#
#decal,770,770,#loot_ui_icon_stickers_summertime_02,&#hash_22a9b666b1aab443,#stickerset,0.35,#,#,#,#,#,#
#decal,771,771,#loot_ui_icon_stickers_summertime_03,&#hash_22a9b566b1aab290,#stickerset,0.35,#,#,#,#,#,#
#decal,772,772,#loot_ui_icon_stickers_summertime_04,&#hash_22a9bc66b1aabe75,#stickerset,0.35,#,#,#,#,#,#
#decal,773,773,#loot_ui_icon_stickers_summertime_05,&#hash_22a9bb66b1aabcc2,#stickerset,0.35,#,#,#,#,#,#
#decal,774,774,#loot_ui_icon_stickers_summertime_06,&#hash_22a9ba66b1aabb0f,#stickerset,0.35,#,#,#,#,#,#
#decal,775,775,#loot_ui_icon_stickers_aquatic_animals_01,&#hash_1dea3eaf4f2594f8,#stickerset,0.35,#,#,#,#,#,#
#decal,776,776,#loot_ui_icon_stickers_aquatic_animals_02,&#hash_1dea41af4f259a11,#stickerset,0.35,#,#,#,#,#,#
#decal,777,777,#loot_ui_icon_stickers_aquatic_animals_03,&#hash_1dea40af4f25985e,#stickerset,0.35,#,#,#,#,#,#
#decal,778,778,#loot_ui_icon_stickers_aquatic_animals_04,&#hash_1dea43af4f259d77,#stickerset,0.35,#,#,#,#,#,#
#decal,779,779,#loot_ui_icon_stickers_aquatic_animals_05,&#hash_1dea42af4f259bc4,#stickerset,0.35,#,#,#,#,#,#
#decal,780,780,#loot_ui_icon_stickers_aquatic_animals_06,&#hash_1dea45af4f25a0dd,#stickerset,0.35,#,#,#,#,#,#
#decal,781,781,#loot_ui_icon_stickers_pirates_01,&#hash_1357d9e3128ddca0,#stickerset,0.35,#,#,#,#,#,#
#decal,782,782,#loot_ui_icon_stickers_pirates_02,&#hash_1357dce3128de1b9,#stickerset,0.35,#,#,#,#,#,#
#decal,783,783,#loot_ui_icon_stickers_pirates_03,&#hash_1357dbe3128de006,#stickerset,0.35,#,#,#,#,#,#
#decal,784,784,#loot_ui_icon_stickers_pirates_04,&#hash_1357dee3128de51f,#stickerset,0.35,#,#,#,#,#,#
#decal,785,785,#loot_ui_icon_stickers_pirates_05,&#hash_1357dde3128de36c,#stickerset,0.35,#,#,#,#,#,#
#decal,786,786,#loot_ui_icon_stickers_pirates_06,&#hash_1357e0e3128de885,#stickerset,0.35,#,#,#,#,#,#
#decal,787,787,#loot_ui_icon_stickers_vacation_hotels_01,&#hash_303c00272b340ca3,#stickerset,0.35,#,#,#,#,#,#
#decal,788,788,#loot_ui_icon_stickers_vacation_hotels_02,&#hash_303c01272b340e56,#stickerset,0.35,#,#,#,#,#,#
#decal,789,789,#loot_ui_icon_stickers_vacation_hotels_03,&#hash_303c02272b341009,#stickerset,0.35,#,#,#,#,#,#
#decal,790,790,#loot_ui_icon_stickers_vacation_hotels_04,&#hash_303c03272b3411bc,#stickerset,0.35,#,#,#,#,#,#
#decal,791,791,#loot_ui_icon_stickers_vacation_hotels_05,&#hash_303c04272b34136f,#stickerset,0.35,#,#,#,#,#,#
#decal,792,792,#loot_ui_icon_stickers_vacation_hotels_06,&#hash_303c05272b341522,#stickerset,0.35,#,#,#,#,#,#
#decal,793,793,#loot_ui_icon_stickers_sergei_specialorder,&#hash_53e35f2564c09b8f,#sticker,0.35,#,#,#,#,#,#
#decal,794,794,#loot_ui_icon_stickers_twitch_prime_drop_03,&#hash_61f89545fb243f8a,#sticker,0.35,#hash_62f68e1583c62c6a,#,#,#,#,#
#decal,795,795,#loot_ui_icon_stickers_zombie_vhs_01,&#hash_33ccf1e55cfd4c90,#stickerset,0.35,#,#,#,#,#,#
#decal,796,796,#loot_ui_icon_stickers_zombie_vhs_02,&#hash_33ccf4e55cfd51a9,#stickerset,0.35,#,#,#,#,#,#
#decal,797,797,#loot_ui_icon_stickers_zombie_vhs_03,&#hash_33ccf3e55cfd4ff6,#stickerset,0.35,#,#,#,#,#,#
#decal,798,798,#loot_ui_icon_stickers_zombie_vhs_04,&#hash_33ccf6e55cfd550f,#stickerset,0.35,#,#,#,#,#,#
#decal,799,799,#loot_ui_icon_stickers_zombie_vhs_05,&#hash_33ccf5e55cfd535c,#stickerset,0.35,#,#,#,#,#,#
#decal,800,800,#loot_ui_icon_stickers_zombie_vhs_06,&#hash_33ccf8e55cfd5875,#stickerset,0.35,#,#,#,#,#,#
#decal,801,801,#loot_ui_icon_stickers_zombie_comics_01,&#hash_277c52b9d0e17d71,#stickerset,0.35,#,#,#,#,#,#
#decal,802,802,#loot_ui_icon_stickers_zombie_comics_02,&#hash_277c4fb9d0e17858,#stickerset,0.35,#,#,#,#,#,#
#decal,803,803,#loot_ui_icon_stickers_zombie_comics_03,&#hash_277c50b9d0e17a0b,#stickerset,0.35,#,#,#,#,#,#
#decal,804,804,#loot_ui_icon_stickers_zombie_comics_04,&#hash_277c55b9d0e1828a,#stickerset,0.35,#,#,#,#,#,#
#decal,805,805,#loot_ui_icon_stickers_zombie_comics_05,&#hash_277c56b9d0e1843d,#stickerset,0.35,#,#,#,#,#,#
#decal,806,806,#loot_ui_icon_stickers_zombie_comics_06,&#hash_277c53b9d0e17f24,#stickerset,0.35,#,#,#,#,#,#
#decal,807,807,#loot_ui_icon_stickers_mastercraft_vaprxkg,&#hash_2e74a49bf635ae74,#sticker,0.35,#,#,#,#,#,#
#decal,808,808,#loot_ui_icon_stickers_mastercraft_koshka,&#hash_96828d16087b574,#sticker,0.35,#,#,#,#,#,#
#decal,809,809,#loot_ui_icon_stickers_russman,&#hash_253afe2c33f65619,#sticker,0.35,#,#,#,#,#,#
#decal,810,810,#ui_icon_stickers_gauntlet_unsinkable_variant_1,&#hash_656a30ed7d329f5c,#sticker,0.35,#,#,#,#,#,#
#decal,811,811,#loot_ui_icon_stickers_afterglow,&#hash_6d6f816626326b27,#sticker,0.35,#,#,#,#,#,#
#decal,812,812,#loot_ui_icon_stickers_tedd,&#hash_46eec0b374e931fb,#sticker,0.35,#,#,#,#,#,#
#decal,813,813,#loot_ui_icon_stickers_afterburner,&#hash_937f563b7053fe0,#sticker,0.35,#,#,#,#,#,#
#decal,814,814,#loot_ui_icon_stickers_campbadges_01,&#hash_65ff7d1d11179ec4,#stickerset,0.35,#,#,#,#,#,#
#decal,815,815,#loot_ui_icon_stickers_campbadges_02,&#hash_65ff801d1117a3dd,#stickerset,0.35,#,#,#,#,#,#
#decal,816,816,#loot_ui_icon_stickers_campbadges_03,&#hash_65ff7f1d1117a22a,#stickerset,0.35,#,#,#,#,#,#
#decal,817,817,#loot_ui_icon_stickers_campbadges_04,&#hash_65ff7a1d111799ab,#stickerset,0.35,#,#,#,#,#,#
#decal,818,818,#loot_ui_icon_stickers_campbadges_05,&#hash_65ff791d111797f8,#stickerset,0.35,#,#,#,#,#,#
#decal,819,819,#loot_ui_icon_stickers_campbadges_06,&#hash_65ff7c1d11179d11,#stickerset,0.35,#,#,#,#,#,#
#decal,820,820,#loot_ui_icon_stickers_pixelzombies_01,&#hash_428401eb4dd44556,#stickerset,0.35,#,#,#,#,#,#
#decal,821,821,#loot_ui_icon_stickers_pixelzombies_02,&#hash_428400eb4dd443a3,#stickerset,0.35,#,#,#,#,#,#
#decal,822,822,#loot_ui_icon_stickers_pixelzombies_03,&#hash_4283ffeb4dd441f0,#stickerset,0.35,#,#,#,#,#,#
#decal,823,823,#loot_ui_icon_stickers_pixelzombies_04,&#hash_428406eb4dd44dd5,#stickerset,0.35,#,#,#,#,#,#
#decal,824,824,#loot_ui_icon_stickers_pixelzombies_05,&#hash_428405eb4dd44c22,#stickerset,0.35,#,#,#,#,#,#
#decal,825,825,#loot_ui_icon_stickers_pixelzombies_06,&#hash_428404eb4dd44a6f,#stickerset,0.35,#,#,#,#,#,#
#decal,826,826,#loot_ui_icon_stickers_cartoon_zombies_01,&#hash_3be4c97b2094f8f0,#stickerset,0.35,#,#,#,#,#,#
#decal,827,827,#loot_ui_icon_stickers_cartoon_zombies_02,&#hash_3be4cc7b2094fe09,#stickerset,0.35,#,#,#,#,#,#
#decal,828,828,#loot_ui_icon_stickers_cartoon_zombies_03,&#hash_3be4cb7b2094fc56,#stickerset,0.35,#,#,#,#,#,#
#decal,829,829,#loot_ui_icon_stickers_cartoon_zombies_04,&#hash_3be4ce7b2095016f,#stickerset,0.35,#,#,#,#,#,#
#decal,830,830,#loot_ui_icon_stickers_cartoon_zombies_05,&#hash_3be4cd7b2094ffbc,#stickerset,0.35,#,#,#,#,#,#
#decal,831,831,#loot_ui_icon_stickers_cartoon_zombies_06,&#hash_3be4d07b209504d5,#stickerset,0.35,#,#,#,#,#,#
#decal,832,832,#loot_ui_icon_stickers_survival_tools_01,&#hash_7b3d9d839bb70b7c,#stickerset,0.35,#,#,#,#,#,#
#decal,833,833,#loot_ui_icon_stickers_survival_tools_02,&#hash_7b3da0839bb71095,#stickerset,0.35,#,#,#,#,#,#
#decal,834,834,#loot_ui_icon_stickers_survival_tools_03,&#hash_7b3d9f839bb70ee2,#stickerset,0.35,#,#,#,#,#,#
#decal,835,835,#loot_ui_icon_stickers_survival_tools_04,&#hash_7b3d9a839bb70663,#stickerset,0.35,#,#,#,#,#,#
#decal,836,836,#loot_ui_icon_stickers_survival_tools_05,&#hash_7b3d99839bb704b0,#stickerset,0.35,#,#,#,#,#,#
#decal,837,837,#loot_ui_icon_stickers_survival_tools_06,&#hash_7b3d9c839bb709c9,#stickerset,0.35,#,#,#,#,#,#
#decal,838,838,#hash_52eb1680b294e084,&#hash_4eaa7f3d6f2ba4cc,#sticker,0.35,#,#,#,#,#,#
#decal,839,839,#loot_ui_icon_stickers_super_emblems_01,&#hash_73294269ce81bdaf,#stickerset,0.35,#,#,#,#,#,#
#decal,840,840,#loot_ui_icon_stickers_super_emblems_02,&#hash_73294369ce81bf62,#stickerset,0.35,#,#,#,#,#,#
#decal,841,841,#loot_ui_icon_stickers_super_emblems_03,&#hash_73294469ce81c115,#stickerset,0.35,#,#,#,#,#,#
#decal,842,842,#loot_ui_icon_stickers_super_emblems_04,&#hash_73293d69ce81b530,#stickerset,0.35,#,#,#,#,#,#
#decal,843,843,#loot_ui_icon_stickers_super_emblems_05,&#hash_73293e69ce81b6e3,#stickerset,0.35,#,#,#,#,#,#
#decal,844,844,#loot_ui_icon_stickers_super_emblems_06,&#hash_73293f69ce81b896,#stickerset,0.35,#,#,#,#,#,#
#decal,845,845,#loot_ui_icon_stickers_action_poses_01,&#hash_1f4257585e66c4b,#stickerset,0.35,#,#,#,#,#,#
#decal,846,846,#loot_ui_icon_stickers_action_poses_02,&#hash_1f4267585e66dfe,#stickerset,0.35,#,#,#,#,#,#
#decal,847,847,#loot_ui_icon_stickers_action_poses_03,&#hash_1f4277585e66fb1,#stickerset,0.35,#,#,#,#,#,#
#decal,848,848,#loot_ui_icon_stickers_action_poses_04,&#hash_1f4287585e67164,#stickerset,0.35,#,#,#,#,#,#
#decal,849,849,#loot_ui_icon_stickers_action_poses_05,&#hash_1f4297585e67317,#stickerset,0.35,#,#,#,#,#,#
#decal,850,850,#loot_ui_icon_stickers_action_poses_06,&#hash_1f42a7585e674ca,#stickerset,0.35,#,#,#,#,#,#
#decal,851,851,#hash_93c14be0114cbb2,&#hash_2b21ed23de73e6ea,#stickerset,0.35,#,#,#,#,#,#
#decal,852,852,#hash_93c13be0114c9ff,&#hash_2b21ec23de73e537,#stickerset,0.35,#,#,#,#,#,#
#decal,853,853,#hash_93c12be0114c84c,&#hash_2b21eb23de73e384,#stickerset,0.35,#,#,#,#,#,#
#decal,854,854,#hash_93c11be0114c699,&#hash_2b21ea23de73e1d1,#stickerset,0.35,#,#,#,#,#,#
#decal,855,855,#hash_93c10be0114c4e6,&#hash_2b21e923de73e01e,#stickerset,0.35,#,#,#,#,#,#
#decal,856,856,#hash_93c0fbe0114c333,&#hash_2b21e823de73de6b,#stickerset,0.35,#,#,#,#,#,#
#decal,857,857,#hash_13e5030476109d4f,&#hash_5c694142a5eea167,#stickerset,0.35,#,#,#,#,#,#
#decal,858,858,#hash_13e5040476109f02,&#hash_5c694242a5eea31a,#stickerset,0.35,#,#,#,#,#,#
#decal,859,859,#hash_13e505047610a0b5,&#hash_5c694342a5eea4cd,#stickerset,0.35,#,#,#,#,#,#
#decal,860,860,#hash_13e4fe04761094d0,&#hash_5c693c42a5ee98e8,#stickerset,0.35,#,#,#,#,#,#
#decal,861,861,#hash_13e4ff0476109683,&#hash_5c693d42a5ee9a9b,#stickerset,0.35,#,#,#,#,#,#
#decal,862,862,#hash_13e5000476109836,&#hash_5c693e42a5ee9c4e,#stickerset,0.35,#,#,#,#,#,#
#decal,863,863,#loot_ui_icon_stickers_gks_mastercraft,&#hash_7cc75a3c7f24bd94,#sticker,0.35,#,#,#,#,#,#
#decal,864,864,#loot_ui_icon_stickers_stuhlinger,&#hash_38be10914dbddf39,#sticker,0.35,#,#,#,#,#,#
#decal,865,865,#loot_ui_icon_stickers_kn57_mastercraft,&#hash_2ca743c1382fa66,#sticker,0.35,#,#,#,#,#,#
#decal,866,866,#loot_ui_icon_stickers_grigoriweaver,&#hash_71ba7e003cccd757,#sticker,0.35,#,#,#,#,#,#
#decal,867,867,#hash_232af2a78dfcf77a,&#hash_324e38225a995842,#stickerset,0.35,#,#,#,#,#,#
#decal,868,868,#hash_232af1a78dfcf5c7,&#hash_324e37225a99568f,#stickerset,0.35,#,#,#,#,#,#
#decal,869,869,#hash_232af0a78dfcf414,&#hash_324e35225a995329,#stickerset,0.35,#,#,#,#,#,#
#decal,870,870,#hash_232aefa78dfcf261,&#hash_324e36225a9954dc,#stickerset,0.35,#,#,#,#,#,#
#decal,871,871,#hash_232aeea78dfcf0ae,&#hash_324e34225a995176,#stickerset,0.35,#,#,#,#,#,#
#decal,872,872,#hash_232aeda78dfceefb,&#hash_324e33225a994fc3,#stickerset,0.35,#,#,#,#,#,#
#decal,873,873,#hash_1a15336cfb3ae9ce,&#hash_65b5ba355d71196a,#sticker,0.35,#,#,#,#,#,#